"voltage","time"
24.688,1786827899900
24.688,1786827899762
24.688,1786827899611
24.688,1786827899499
24.688,1786827899370
24.688,1786827899243
24.688,1786827899088
24.688,1786827898948
24.652,1786827898807
24.652,1786827898695
24.652,1786827898583
24.652,1786827898430
24.652,1786827898139
24.652,1786827898028
24.652,1786827897775
24.652,1786827897618
24.679,1786827897467
24.679,1786827897341
24.679,1786827897229
24.679,1786827897097
24.679,1786827896958
24.679,1786827896796
24.679,1786827896670
24.679,1786827896544
24.679,1786827896427
24.679,1786827896291
24.652,1786827896143
24.652,1786827896003
24.652,1786827895873
24.652,1786827895761
24.652,1786827895474
24.652,1786827895313
24.652,1786827895201
24.652,1786827895074
24.652,1786827894964
24.706,1786827894795
24.706,1786827894656
24.706,1786827894515
24.706,1786827894389
24.706,1786827894277
24.706,1786827893984
24.706,1786827893845
24.706,1786827893717
24.706,1786827893585
24.706,1786827893473
24.625,1786827893310
24.625,1786827893169
24.625,1786827893038
24.625,1786827892912
24.625,1786827892800
24.625,1786827892654
24.625,1786827892494
24.625,1786827892352
24.625,1786827892240
24.625,1786827892116
24.688,1786827891834
24.688,1786827891681
24.688,1786827891559
24.688,1786827891447
24.688,1786827891324
24.688,1786827891031
24.688,1786827890890
24.688,1786827890774
24.652,1786827890640
24.652,1786827890515
24.652,1786827890361
24.652,1786827890218
24.652,1786827890091
24.652,1786827889969
24.652,1786827889857
24.652,1786827889706
24.652,1786827889559
24.652,1786827889419
24.706,1786827889282
24.706,1786827889170
24.706,1786827889024
24.706,1786827888884
24.706,1786827888745
24.706,1786827888608
24.706,1786827888479
24.706,1786827888367
24.706,1786827888228
24.706,1786827888076
24.706,1786827887947
24.661,1786827887810
24.661,1786827887698
24.661,1786827887559
24.661,1786827887273
24.661,1786827887137
24.661,1786827887012
24.661,1786827886888
24.661,1786827886772
24.67,1786827886497
24.67,1786827886343
24.67,1786827886213
24.67,1786827885974
24.67,1786827885829
24.67,1786827885668
24.67,1786827885543
24.67,1786827885417
24.67,1786827885291
24.67,1786827885156
24.67,1786827885009
24.67,1786827884871
24.67,1786827884744
24.67,1786827884618
24.67,1786827884494
24.67,1786827884352
24.67,1786827884201
24.67,1786827884060
24.67,1786827883946
24.688,1786827883813
24.688,1786827883545
24.688,1786827883385
24.688,1786827883273
24.688,1786827883026
24.688,1786827882873
24.688,1786827882732
24.688,1786827882590
24.688,1786827882479
24.679,1786827882342
24.679,1786827882213
24.679,1786827882061
24.679,1786827881919
24.679,1786827881807
24.679,1786827881671
24.679,1786827881542
24.679,1786827881416
24.679,1786827881275
24.679,1786827881149
24.688,1786827881009
24.688,1786827880882
24.688,1786827880756
24.688,1786827880604
24.688,1786827880462
24.688,1786827880341
24.688,1786827880104
24.688,1786827879952
24.688,1786827879810
24.706,1786827879675
24.706,1786827879548
24.706,1786827879436
24.706,1786827879292
24.706,1786827879140
24.706,1786827878989
24.706,1786827878877
24.706,1786827878746
24.706,1786827878620
24.706,1786827878481
24.679,1786827878189
24.679,1786827878063
24.679,1786827877951
24.679,1786827877812
24.679,1786827877640
24.679,1786827877514
24.679,1786827877388
24.679,1786827877276
24.679,1786827877148
24.679,1786827876987
24.688,1786827876838
24.688,1786827876713
24.688,1786827876587
24.688,1786827876474
24.688,1786827876319
24.688,1786827876170
24.688,1786827876029
24.688,1786827875917
24.688,1786827875790
24.688,1786827875667
24.67,1786827875505
24.67,1786827875360
24.67,1786827875249
24.67,1786827875122
24.67,1786827875011
24.67,1786827874849
24.67,1786827874690
24.67,1786827874564
24.67,1786827874341
24.688,1786827874173
24.688,1786827873894
24.688,1786827873782
24.688,1786827873656
24.688,1786827873517
24.688,1786827873364
24.688,1786827873099
24.688,1786827872983
24.679,1786827872848
24.679,1786827872708
24.679,1786827872556
24.679,1786827872424
24.679,1786827872297
24.679,1786827872175
24.679,1786827872038
24.679,1786827871879
24.679,1786827871740
24.679,1786827871628
24.679,1786827871501
24.661,1786827871365
24.661,1786827871221
24.661,1786827871066
24.661,1786827870941
24.661,1786827870816
24.661,1786827870689
24.661,1786827870550
24.661,1786827870410
24.661,1786827870270
24.661,1786827870140
24.643,1786827870005
24.643,1786827869878
24.643,1786827869740
24.643,1786827869593
24.643,1786827869466
24.643,1786827869331
24.643,1786827869220
24.643,1786827869058
24.643,1786827868916
24.643,1786827868778
24.625,1786827868658
24.625,1786827868533
24.625,1786827868402
24.625,1786827868261
24.625,1786827868105
24.625,1786827867970
24.625,1786827867840
24.625,1786827867728
24.625,1786827867589
24.625,1786827867447
24.688,1786827867295
24.688,1786827867169
24.688,1786827867057
24.688,1786827866931
24.688,1786827866777
24.688,1786827866500
24.688,1786827866375
24.688,1786827866264
24.688,1786827866121
24.688,1786827865969
24.616,1786827865818
24.616,1786827865706
24.616,1786827865576
24.616,1786827865310
24.616,1786827865146
24.616,1786827865014
24.616,1786827864902
24.616,1786827864790
24.616,1786827864652
24.643,1786827864491
24.643,1786827864360
24.643,1786827864233
24.643,1786827863981
24.643,1786827863828
24.643,1786827863688
24.643,1786827863562
24.643,1786827863440
24.643,1786827863324
24.67,1786827863162
24.67,1786827863022
24.67,1786827862765
24.67,1786827862653
24.67,1786827862507
24.67,1786827862210
24.67,1786827862097
24.67,1786827861970
24.688,1786827861836
24.688,1786827861684
24.688,1786827861545
24.688,1786827861418
24.688,1786827861170
24.688,1786827861027
24.688,1786827860872
24.688,1786827860744
24.688,1786827860617
24.688,1786827860506
24.706,1786827860350
24.706,1786827860208
24.706,1786827860067
24.706,1786827859943
24.706,1786827859826
24.706,1786827859549
24.706,1786827859393
24.706,1786827859263
24.706,1786827859152
24.661,1786827859015
24.661,1786827858891
24.661,1786827858737
24.661,1786827858598
24.661,1786827858471
24.661,1786827858350
24.661,1786827858225
24.661,1786827858081
24.661,1786827857927
24.661,1786827857802
24.652,1786827857668
24.652,1786827857554
24.652,1786827857429
24.652,1786827857277
24.652,1786827857136
24.652,1786827856995
24.652,1786827856883
24.652,1786827856757
24.652,1786827856617
24.652,1786827856459
24.661,1786827856323
24.661,1786827856211
24.661,1786827856084
24.661,1786827855957
24.661,1786827855841
24.661,1786827855705
24.661,1786827855553
24.661,1786827855413
24.661,1786827855282
24.661,1786827855157
24.652,1786827854897
24.652,1786827854736
24.652,1786827854610
24.652,1786827854485
24.652,1786827854373
24.652,1786827854222
24.652,1786827854074
24.652,1786827853933
24.652,1786827853807
24.652,1786827853695
24.661,1786827853417
24.661,1786827853264
24.661,1786827853009
24.661,1786827852887
24.661,1786827852468
24.661,1786827852336
24.661,1786827852215
24.661,1786827852074
24.661,1786827851934
24.661,1786827851788
24.661,1786827851662
24.661,1786827851541
24.661,1786827851417
24.661,1786827851257
24.661,1786827851122
24.661,1786827850996
24.715,1786827850859
24.715,1786827850743
24.715,1786827850604
24.715,1786827850450
24.715,1786827850310
24.715,1786827850171
24.715,1786827850045
24.715,1786827849933
24.715,1786827849782
24.715,1786827849644
24.715,1786827849511
24.895,1786827849389
24.895,1786827849263
24.895,1786827849124
24.895,1786827848985
24.895,1786827848846
24.895,1786827848710
24.895,1786827848598
24.895,1786827848328
24.895,1786827848175
24.904,1786827848039
24.904,1786827847928
24.904,1786827847795
24.904,1786827847658
24.904,1786827847520
24.904,1786827847373
24.904,1786827847241
24.904,1786827847128
24.904,1786827846988
24.904,1786827846851
24.895,1786827846684
24.895,1786827846572
24.895,1786827846446
24.895,1786827846335
24.895,1786827846174
24.895,1786827846023
24.895,1786827845882
24.895,1786827845770
24.895,1786827845648
24.895,1786827845517
24.895,1786827845216
24.895,1786827845105
24.895,1786827844974
24.895,1786827844862
24.895,1786827844698
24.895,1786827844558
24.895,1786827844414
24.895,1786827844303
24.895,1786827844176
24.895,1786827844050
24.841,1786827843879
24.841,1786827843743
24.841,1786827843632
24.841,1786827843505
24.841,1786827843393
24.841,1786827843227
24.841,1786827843087
24.841,1786827842947
24.841,1786827842835
24.841,1786827842719
24.877,1786827842555
24.877,1786827842416
24.877,1786827842274
24.877,1786827842157
24.877,1786827842031
24.877,1786827841758
24.877,1786827841608
24.877,1786827841478
24.877,1786827841354
24.895,1786827841233
24.895,1786827841094
24.895,1786827840949
24.895,1786827840810
24.895,1786827840683
24.895,1786827840547
24.895,1786827840430
24.895,1786827840277
24.895,1786827840136
24.895,1786827840010
24.877,1786827839869
24.877,1786827839757
24.877,1786827839618
24.877,1786827839478
24.877,1786827839341
24.877,1786827839201
24.877,1786827839089
24.877,1786827838964
24.877,1786827838826
24.877,1786827838666
24.877,1786827838543
24.957,1786827838421
24.957,1786827838309
24.957,1786827838153
24.957,1786827838012
24.957,1786827837872
24.957,1786827837624
24.957,1786827837494
24.957,1786827837340
24.957,1786827837202
24.886,1786827837066
24.886,1786827836936
24.886,1786827836824
24.886,1786827836686
24.886,1786827836530
24.886,1786827836392
24.886,1786827836265
24.886,1786827836153
24.886,1786827836012
24.886,1786827835874
24.895,1786827835704
24.895,1786827835592
24.895,1786827835468
24.895,1786827835357
24.895,1786827835213
24.895,1786827835052
24.895,1786827834926
24.895,1786827834682
24.895,1786827834544
24.625,1786827834393
24.625,1786827834256
24.625,1786827834125
24.625,1786827834001
24.625,1786827833890
24.625,1786827833725
24.625,1786827833566
24.625,1786827833440
24.625,1786827833328
24.625,1786827833202
24.625,1786827833078
24.652,1786827832908
24.652,1786827832768
24.652,1786827832656
24.652,1786827832401
24.652,1786827832253
24.652,1786827832100
24.652,1786827831976
24.652,1786827831861
24.652,1786827831735
24.643,1786827831587
24.643,1786827831448
24.643,1786827831302
24.643,1786827831177
24.643,1786827831065
24.643,1786827830928
24.643,1786827830772
24.643,1786827830631
24.643,1786827830505
24.643,1786827830379
24.634,1786827830258
24.634,1786827830115
24.634,1786827829834
24.634,1786827829707
24.634,1786827829580
24.634,1786827829438
24.634,1786827829157
24.634,1786827829030
24.67,1786827828891
24.67,1786827828779
24.67,1786827828624
24.67,1786827828485
24.67,1786827828339
24.67,1786827828217
24.67,1786827828106
24.67,1786827827670
24.67,1786827827558
24.634,1786827827422
24.634,1786827827149
24.634,1786827826996
24.634,1786827826884
24.634,1786827826743
24.634,1786827826631
24.634,1786827826492
24.634,1786827826339
24.634,1786827826199
24.652,1786827826073
24.652,1786827825961
24.652,1786827825821
24.652,1786827825682
24.652,1786827825537
24.652,1786827825403
24.652,1786827825291
24.652,1786827825166
24.652,1786827825033
24.652,1786827824921
24.643,1786827824773
24.643,1786827824620
24.643,1786827824495
24.643,1786827824362
24.643,1786827824250
24.643,1786827824115
24.643,1786827823962
24.643,1786827823817
24.643,1786827823693
24.634,1786827823445
24.634,1786827823300
24.634,1786827823143
24.634,1786827823003
24.634,1786827822891
24.634,1786827822750
24.634,1786827822608
24.634,1786827822468
24.634,1786827822327
24.634,1786827822201
24.634,1786827822070
24.634,1786827821949
24.634,1786827821793
24.634,1786827821653
24.634,1786827821521
24.634,1786827821395
24.634,1786827821274
24.634,1786827821136
24.634,1786827820976
24.634,1786827820849
24.634,1786827820724
24.67,1786827820590
24.67,1786827820465
24.67,1786827820177
24.67,1786827820067
24.67,1786827819931
24.67,1786827819814
24.67,1786827819674
24.67,1786827819523
24.67,1786827819382
24.634,1786827819257
24.634,1786827819135
24.634,1786827819009
24.634,1786827818873
24.634,1786827818712
24.634,1786827818575
24.634,1786827818463
24.634,1786827818351
24.634,1786827818199
24.634,1786827818054
24.634,1786827817906
24.634,1786827817780
24.634,1786827817667
24.634,1786827817538
24.634,1786827817383
24.634,1786827817235
24.634,1786827816976
24.634,1786827816865
24.634,1786827816724
24.634,1786827816574
24.643,1786827816432
24.643,1786827816305
24.643,1786827816193
24.643,1786827816067
24.643,1786827815911
24.643,1786827815757
24.643,1786827815630
24.643,1786827815504
24.643,1786827815393
24.643,1786827815232
24.598,1786827815081
24.598,1786827814940
24.598,1786827814828
24.598,1786827814698
24.598,1786827814571
24.598,1786827814409
24.598,1786827814271
24.598,1786827814028
24.598,1786827813916
24.616,1786827813754
24.616,1786827813592
24.616,1786827813481
24.616,1786827813355
24.616,1786827812933
24.616,1786827812793
24.616,1786827812682
24.616,1786827812557
24.652,1786827812418
24.652,1786827812278
24.652,1786827812123
24.652,1786827811997
24.652,1786827811881
24.652,1786827811759
24.652,1786827811608
24.652,1786827811485
24.652,1786827811348
24.652,1786827811231
24.652,1786827811105
24.553,1786827810969
24.553,1786827810832
24.553,1786827810672
24.553,1786827810433
24.553,1786827810312
24.553,1786827810168
24.553,1786827810017
24.553,1786827809890
24.553,1786827809765
24.652,1786827809629
24.652,1786827809500
24.652,1786827809359
24.652,1786827809207
24.652,1786827809081
24.652,1786827808956
24.652,1786827808843
24.652,1786827808692
24.652,1786827808406
24.67,1786827808285
24.67,1786827808035
24.67,1786827807876
24.67,1786827807737
24.67,1786827807616
24.67,1786827807494
24.67,1786827807382
24.67,1786827807222
24.67,1786827807081
24.616,1786827806929
24.616,1786827806817
24.616,1786827806685
24.616,1786827806401
24.616,1786827806251
24.616,1786827806119
24.616,1786827806007
24.616,1786827805724
24.589,1786827805431
24.589,1786827805207
24.589,1786827805049
24.589,1786827804906
24.589,1786827804756
24.589,1786827804645
24.589,1786827804517
24.589,1786827804385
24.589,1786827804233
24.607,1786827804082
24.607,1786827803955
24.607,1786827803825
24.607,1786827803713
24.607,1786827803573
24.607,1786827803284
24.607,1786827803160
24.607,1786827803048
24.607,1786827802909
24.553,1786827802620
24.553,1786827802493
24.553,1786827802368
24.553,1786827802243
24.553,1786827802090
24.553,1786827801936
24.553,1786827801810
24.553,1786827801684
24.553,1786827801567
24.634,1786827801419
24.634,1786827801280
24.634,1786827800896
24.634,1786827800760
24.634,1786827800609
24.634,1786827800468
24.634,1786827800342
24.634,1786827800216
24.634,1786827800104
24.427,1786827799958
24.427,1786827799800
24.427,1786827799674
24.427,1786827799546
24.427,1786827799434
24.427,1786827799279
24.427,1786827799141
24.427,1786827799000
24.427,1786827798874
24.427,1786827798743
24.4,1786827798622
24.4,1786827798482
24.4,1786827798328
24.4,1786827798196
24.4,1786827798072
24.4,1786827797952
24.4,1786827797812
24.4,1786827797672
24.4,1786827797526
24.4,1786827797399
24.409,1786827797266
24.409,1786827797154
24.409,1786827796993
24.409,1786827796851
24.409,1786827796711
24.409,1786827796590
24.409,1786827796473
24.409,1786827796348
24.409,1786827796207
24.409,1786827796067
24.472,1786827795932
24.472,1786827795800
24.472,1786827795688
24.472,1786827795535
24.472,1786827795397
24.472,1786827795257
24.472,1786827795131
24.472,1786827795019
24.472,1786827794879
24.472,1786827794734
24.472,1786827794594
24.391,1786827794459
24.391,1786827794348
24.391,1786827794221
24.391,1786827793978
24.391,1786827793816
24.391,1786827793676
24.391,1786827793546
24.391,1786827793419
24.391,1786827793307
24.409,1786827793160
24.409,1786827793004
24.409,1786827792863
24.409,1786827792751
24.409,1786827792624
24.409,1786827792489
24.409,1786827792344
24.409,1786827792190
24.409,1786827792064
24.409,1786827791938
24.337,1786827791811
24.337,1786827791676
24.337,1786827791520
24.337,1786827791398
24.337,1786827791267
24.337,1786827791019
24.337,1786827790865
24.337,1786827790726
24.337,1786827790599
24.382,1786827790462
24.382,1786827790350
24.382,1786827790209
24.382,1786827790065
24.382,1786827789925
24.382,1786827789803
24.382,1786827789677
24.382,1786827789546
24.382,1786827789393
24.382,1786827789255
24.391,1786827789119
24.391,1786827789003
24.391,1786827788877
24.391,1786827788737
24.391,1786827788581
24.391,1786827788455
24.391,1786827788312
24.391,1786827788200
24.391,1786827788062
24.391,1786827787923
24.391,1786827787777
24.391,1786827787641
24.391,1786827787517
24.391,1786827787392
24.391,1786827787250
24.391,1786827787096
24.391,1786827786974
24.391,1786827786847
24.391,1786827786592
24.391,1786827786441
24.391,1786827786291
24.391,1786827786179
24.391,1786827786051
24.391,1786827785926
24.391,1786827785785
24.391,1786827785625
24.391,1786827785509
24.391,1786827785270
24.391,1786827785114
24.382,1786827784821
24.382,1786827784709
24.382,1786827784584
24.382,1786827784459
24.382,1786827784289
24.382,1786827784147
24.382,1786827784035
24.382,1786827783909
24.382,1786827783778
24.391,1786827783627
24.391,1786827783472
24.391,1786827783345
24.391,1786827783230
24.391,1786827783119
24.391,1786827782963
24.391,1786827782811
24.391,1786827782664
24.391,1786827782537
24.391,1786827782425
24.391,1786827782298
24.409,1786827782131
24.409,1786827781992
24.409,1786827781865
24.409,1786827781738
24.409,1786827781626
24.409,1786827781457
24.409,1786827781318
24.409,1786827781191
24.409,1786827781065
24.409,1786827780949
24.454,1786827780799
24.454,1786827780645
24.454,1786827780518
24.454,1786827780389
24.454,1786827780263
24.454,1786827780128
24.454,1786827779988
24.454,1786827779832
24.454,1786827779720
24.454,1786827779594
24.391,1786827779472
24.391,1786827779313
24.391,1786827779177
24.391,1786827779050
24.391,1786827778923
24.391,1786827778801
24.391,1786827778672
24.391,1786827778381
24.391,1786827778255
24.409,1786827778119
24.409,1786827778008
24.409,1786827777868
24.409,1786827777714
24.409,1786827777586
24.409,1786827777453
24.409,1786827777341
24.409,1786827777201
24.409,1786827777066
24.409,1786827776921
24.409,1786827776798
24.382,1786827776662
24.382,1786827776554
24.382,1786827776410
24.382,1786827776256
24.382,1786827776131
24.382,1786827775994
24.382,1786827775878
24.382,1786827775742
24.382,1786827775600
24.382,1786827775459
24.364,1786827775323
24.364,1786827775192
24.364,1786827775080
24.364,1786827774925
24.364,1786827774783
24.364,1786827774641
24.364,1786827774514
24.364,1786827774406
24.364,1786827774264
24.364,1786827774105
24.122,1786827773844
24.122,1786827773717
24.122,1786827773589
24.122,1786827773447
24.122,1786827773288
24.122,1786827773163
24.122,1786827773047
24.122,1786827772920
24.122,1786827772785
24.167,1786827772622
24.167,1786827772497
24.167,1786827772367
24.167,1786827772255
24.167,1786827772146
24.167,1786827771982
24.167,1786827771838
24.167,1786827771603
24.167,1786827771477
24.167,1786827771334
24.113,1786827771185
24.113,1786827771042
24.113,1786827770916
24.113,1786827770804
24.113,1786827770675
24.113,1786827770515
24.113,1786827770375
24.113,1786827770252
24.113,1786827770138
24.113,1786827770026
24.113,1786827769727
24.113,1786827769583
24.113,1786827769456
24.113,1786827769344
24.113,1786827769210
24.113,1786827769050
24.113,1786827768908
24.113,1786827768783
24.113,1786827768671
24.158,1786827768539
24.158,1786827768392
24.158,1786827768237
24.158,1786827768111
24.158,1786827767984
24.158,1786827767733
24.158,1786827767579
24.158,1786827767438
24.158,1786827767307
24.158,1786827767171
24.158,1786827767061
24.158,1786827766919
24.158,1786827766760
24.158,1786827766618
24.158,1786827766496
24.158,1786827766384
24.158,1786827766247
24.158,1786827765947
24.158,1786827765835
24.14,1786827765699
24.14,1786827765446
24.14,1786827765294
24.14,1786827765170
24.14,1786827765029
24.14,1786827764917
24.14,1786827764780
24.14,1786827764640
24.14,1786827764482
24.185,1786827764361
24.185,1786827764235
24.185,1786827764109
24.185,1786827763971
24.185,1786827763676
24.185,1786827763564
24.185,1786827763438
24.185,1786827763307
24.185,1786827763195
24.122,1786827763049
24.122,1786827762909
24.122,1786827762765
24.122,1786827762639
24.122,1786827762514
24.122,1786827762393
24.122,1786827762243
24.122,1786827762085
24.122,1786827761973
24.122,1786827761849
24.158,1786827761731
24.158,1786827761585
24.158,1786827761431
24.158,1786827761308
24.158,1786827761057
24.158,1786827760917
24.158,1786827760781
24.158,1786827760640
24.158,1786827760509
24.158,1786827760383
24.149,1786827760261
24.149,1786827760122
24.149,1786827759970
24.149,1786827759841
24.149,1786827759729
24.149,1786827759607
24.149,1786827759480
24.149,1786827759322
24.149,1786827759181
24.149,1786827759055
24.202,1786827758933
24.202,1786827758821
24.202,1786827758663
24.202,1786827758507
24.202,1786827758382
24.202,1786827758260
24.202,1786827757988
24.202,1786827757847
24.202,1786827757707
24.167,1786827757566
24.167,1786827757454
24.167,1786827757327
24.167,1786827757172
24.167,1786827757028
24.167,1786827756898
24.167,1786827756660
24.167,1786827756520
24.167,1786827756360
24.149,1786827756225
24.149,1786827756099
24.149,1786827755987
24.149,1786827755847
24.149,1786827755706
24.149,1786827755542
24.149,1786827755430
24.149,1786827755302
24.149,1786827755191
24.149,1786827755041
24.149,1786827754901
24.167,1786827754746
24.167,1786827754620
24.167,1786827754508
24.167,1786827754382
24.167,1786827754232
24.167,1786827754075
24.167,1786827753951
24.167,1786827753828
24.167,1786827753717
24.167,1786827753556
24.211,1786827753408
24.211,1786827753283
24.211,1786827753156
24.211,1786827753039
24.211,1786827752899
24.211,1786827752748
24.211,1786827752607
24.211,1786827752476
24.211,1786827752349
24.158,1786827752073
24.158,1786827751926
24.158,1786827751800
24.158,1786827751674
24.158,1786827751562
24.158,1786827751412
24.158,1786827751252
24.158,1786827751125
24.158,1786827750999
24.158,1786827750872
24.167,1786827750730
24.167,1786827750592
24.167,1786827750438
24.167,1786827750311
24.167,1786827750074
24.167,1786827749921
24.167,1786827749634
24.167,1786827749508
24.202,1786827749386
24.202,1786827749259
24.202,1786827749103
24.202,1786827748958
24.202,1786827748831
24.202,1786827748706
24.202,1786827748584
24.202,1786827748427
24.202,1786827748290
24.202,1786827748163
24.202,1786827748037
24.193,1786827747910
24.193,1786827747771
24.193,1786827747629
24.193,1786827747489
24.193,1786827747359
24.193,1786827747226
24.193,1786827747114
24.193,1786827746823
24.193,1786827746677
24.122,1786827746555
24.122,1786827746429
24.122,1786827746303
24.122,1786827746147
24.122,1786827746007
24.122,1786827745872
24.122,1786827745634
24.122,1786827745492
24.122,1786827745353
24.185,1786827745203
24.185,1786827745077
24.185,1786827744961
24.185,1786827744836
24.185,1786827744683
24.185,1786827744276
24.185,1786827744165
24.185,1786827744024
24.167,1786827743729
24.167,1786827743603
24.167,1786827743491
24.167,1786827743350
24.167,1786827743190
24.167,1786827743053
24.167,1786827742927
24.176,1786827726873
24.032,1786827726635
24.032,1786827726523
24.032,1786827726411
24.032,1786827726299
24.032,1786827726060
24.032,1786827725948
24.032,1786827725836
24.032,1786827725724
24.032,1786827725611
24.032,1786827725495
24.095,1786827725373
24.095,1786827725261
24.095,1786827725149
24.095,1786827724920
24.095,1786827724799
24.095,1786827724687
24.095,1786827724575
24.095,1786827724463
24.095,1786827724347
24.104,1786827724225
24.104,1786827724113
24.104,1786827724001
24.104,1786827723889
24.104,1786827723771
24.104,1786827723649
24.104,1786827723538
24.104,1786827723425
24.104,1786827723314
24.104,1786827723197
24.095,1786827722963
24.095,1786827722851
24.095,1786827722739
24.095,1786827722622
24.095,1786827722387
24.095,1786827722274
24.095,1786827722162
24.095,1786827722045
24.05,1786827721923
24.05,1786827721811
24.05,1786827721699
24.05,1786827721587
24.05,1786827721470
24.05,1786827721348
24.05,1786827721236
24.05,1786827721123
24.095,1786827720775
24.095,1786827720663
24.095,1786827720550
24.095,1786827720440
24.095,1786827720323
24.095,1786827720211
24.095,1786827720089
24.095,1786827719976
24.095,1786827719869
24.095,1786827719752
24.095,1786827719640
23.978,1786827719518
23.978,1786827719404
23.978,1786827719299
23.978,1786827719182
23.978,1786827719070
23.978,1786827718947
23.978,1786827718834
23.978,1786827718726
23.978,1786827718609
23.978,1786827718498
24.077,1786827718376
24.077,1786827718262
24.077,1786827718156
24.077,1786827718039
24.077,1786827717805
24.077,1786827717582
24.077,1786827717465
24.077,1786827717353
24.095,1786827717231
24.095,1786827717007
24.095,1786827716891
24.095,1786827716779
24.095,1786827716657
24.095,1786827716433
24.095,1786827716317
24.095,1786827716205
24.113,1786827716083
24.113,1786827715971
24.113,1786827715854
24.113,1786827715742
24.113,1786827715630
24.113,1786827715508
24.113,1786827715396
24.113,1786827715279
24.113,1786827715167
24.113,1786827715055
24.113,1786827714943
24.05,1786827714820
24.05,1786827714703
24.05,1786827714591
24.05,1786827714479
24.05,1786827714366
24.05,1786827714244
24.05,1786827714127
24.05,1786827714015
24.05,1786827713791
24.05,1786827713553
24.05,1786827713441
24.05,1786827713217
24.05,1786827713094
24.05,1786827712977
24.05,1786827712865
24.05,1786827712753
24.05,1786827712641
24.113,1786827712519
24.113,1786827712402
24.113,1786827712290
24.113,1786827712066
24.113,1786827711944
24.113,1786827711827
24.113,1786827711715
24.113,1786827711491
24.167,1786827711370
24.167,1786827711253
24.167,1786827711141
24.167,1786827711029
24.167,1786827710917
24.167,1786827710795
24.167,1786827710678
24.167,1786827710454
24.167,1786827710342
24.077,1786827710220
24.077,1786827710104
24.077,1786827709992
24.077,1786827709880
24.077,1786827709768
24.077,1786827709656
24.077,1786827709533
24.077,1786827709421
24.077,1786827709309
24.077,1786827709084
24.086,1786827708958
24.086,1786827708846
24.086,1786827708734
24.086,1786827708622
24.086,1786827708510
24.086,1786827708274
24.086,1786827708163
24.086,1786827708051
24.086,1786827707939
24.086,1786827707816
24.086,1786827707704
24.086,1786827707592
24.086,1786827707480
24.086,1786827707368
24.086,1786827707242
24.086,1786827707130
24.086,1786827707018
24.086,1786827706906
24.086,1786827706794
24.041,1786827706670
24.041,1786827706446
24.041,1786827706334
24.041,1786827706222
24.041,1786827706097
24.041,1786827705985
24.041,1786827705873
24.041,1786827705761
24.041,1786827705649
24.086,1786827705523
24.086,1786827705411
24.086,1786827705300
24.086,1786827705188
24.086,1786827705076
24.086,1786827704950
24.086,1786827704838
24.086,1786827704726
24.086,1786827704614
24.086,1786827704502
24.122,1786827704268
24.122,1786827704156
24.122,1786827704044
24.122,1786827703932
24.122,1786827703693
24.122,1786827703581
24.122,1786827703469
24.122,1786827703357
24.131,1786827703119
24.131,1786827703007
24.131,1786827702895
24.131,1786827702783
24.131,1786827702669
24.131,1786827702547
24.131,1786827702323
24.131,1786827702211
24.131,1786827702096
24.14,1786827701974
24.14,1786827701862
24.14,1786827701638
24.14,1786827701522
24.14,1786827701287
24.14,1786827701063
24.14,1786827700947
24.086,1786827700824
24.086,1786827700712
24.086,1786827700600
24.086,1786827700488
24.086,1786827700372
24.086,1786827700250
24.086,1786827700138
24.086,1786827700024
24.086,1786827699915
24.086,1786827699798
24.068,1786827699676
24.068,1786827699564
24.068,1786827699450
24.068,1786827699223
24.068,1786827699111
24.068,1786827698989
24.068,1786827698876
24.068,1786827698765
24.068,1786827698649
24.068,1786827698537
24.05,1786827698416
24.05,1786827698303
24.05,1786827698193
24.05,1786827698075
24.05,1786827697963
24.05,1786827697841
24.05,1786827697728
24.05,1786827697619
24.05,1786827697501
24.05,1786827697390
24.265,1786827697269
24.265,1786827697155
24.265,1786827697048
24.265,1786827696931
24.265,1786827696819
24.265,1786827696583
24.265,1786827696473
24.265,1786827696245
24.086,1786827696009
24.086,1786827695899
24.086,1786827695783
24.086,1786827695671
24.086,1786827695549
24.086,1786827695435
24.086,1786827695325
24.086,1786827695209
24.086,1786827695097
24.131,1786827694975
24.131,1786827694861
24.131,1786827694751
24.131,1786827694635
24.131,1786827694523
24.131,1786827694288
24.131,1786827694178
24.131,1786827694062
24.131,1786827693951
24.086,1786827693715
24.086,1786827693606
24.086,1786827693490
24.086,1786827693266
24.086,1786827693142
24.086,1786827693035
24.086,1786827692919
24.086,1786827692807
24.086,1786827692695
24.131,1786827692572
24.131,1786827692465
24.131,1786827692348
24.131,1786827692236
24.131,1786827692124
24.131,1786827692000
24.131,1786827691893
24.131,1786827691776
24.131,1786827691664
24.131,1786827691552
24.086,1786827691427
24.086,1786827691320
24.086,1786827691203
24.086,1786827691090
24.086,1786827690978
24.086,1786827690854
24.086,1786827690742
24.086,1786827690405
24.149,1786827690282
24.149,1786827690172
24.149,1786827690056
24.149,1786827689944
24.149,1786827689832
24.149,1786827689708
24.149,1786827689598
24.149,1786827689482
24.149,1786827689370
24.149,1786827689258
24.086,1786827689134
24.086,1786827689024
24.086,1786827688908
24.086,1786827688796
24.086,1786827688684
24.086,1786827688570
24.086,1786827688453
24.086,1786827688336
24.086,1786827688224
24.086,1786827688111
24.086,1786827687999
24.122,1786827687876
24.122,1786827687648
24.122,1786827687536
24.122,1786827687422
24.122,1786827687186
24.122,1786827687074
24.122,1786827686850
24.104,1786827686616
24.104,1786827686504
24.104,1786827686392
24.104,1786827686278
24.104,1786827686162
24.104,1786827686045
24.104,1786827685933
24.104,1786827685821
24.104,1786827685707
24.122,1786827685587
24.122,1786827685471
24.122,1786827685359
24.122,1786827685247
24.122,1786827685133
24.122,1786827685013
24.122,1786827684897
24.122,1786827684785
24.122,1786827684673
24.202,1786827684439
24.202,1786827684323
24.202,1786827684211
24.202,1786827684099
24.202,1786827683987
24.202,1786827683865
24.202,1786827683753
24.202,1786827683641
24.202,1786827683529
24.202,1786827683415
24.319,1786827683178
24.319,1786827683066
24.319,1786827682953
24.319,1786827682840
24.319,1786827682729
24.319,1786827682603
24.319,1786827682490
24.319,1786827682378
24.319,1786827682265
24.319,1786827682154
24.301,1786827682028
24.301,1786827681917
24.301,1786827681804
24.301,1786827681454
24.301,1786827681342
24.301,1786827681230
24.301,1786827681116
24.265,1786827680880
24.265,1786827680768
24.265,1786827680656
24.265,1786827680542
24.265,1786827680432
24.265,1786827680306
24.265,1786827680082
24.265,1786827679970
24.4,1786827679732
24.4,1786827679396
24.4,1786827679284
24.4,1786827679157
24.4,1786827679045
24.4,1786827678933
24.4,1786827678821
24.4,1786827678704
24.391,1786827678582
24.391,1786827678470
24.391,1786827678358
24.391,1786827678246
24.391,1786827678129
24.391,1786827678017
24.391,1786827677895
24.391,1786827677783
24.391,1786827677671
24.391,1786827677554
24.4,1786827677320
24.4,1786827677208
24.4,1786827677096
24.4,1786827676979
24.4,1786827676867
24.4,1786827676745
24.4,1786827676633
24.4,1786827676521
24.4,1786827676404
24.4,1786827676291
24.4,1786827676171
24.4,1786827676059
24.4,1786827675947
24.4,1786827675831
24.4,1786827675719
24.4,1786827675595
24.4,1786827675483
24.4,1786827675371
24.4,1786827675255
24.4,1786827675143
24.382,1786827675023
24.382,1786827674799
24.382,1786827674682
24.382,1786827674570
24.382,1786827674448
24.382,1786827674336
24.382,1786827674224
24.382,1786827674107
24.382,1786827673995
24.418,1786827673873
24.418,1786827673761
24.418,1786827673649
24.418,1786827673532
24.418,1786827673420
24.418,1786827673308
24.418,1786827673186
24.418,1786827673074
24.418,1786827672845
24.418,1786827672733
24.445,1786827672611
24.445,1786827672499
24.445,1786827672271
24.445,1786827672159
24.445,1786827672037
24.445,1786827671925
24.445,1786827671813
24.445,1786827671494
24.463,1786827671328
24.463,1786827671211
24.463,1786827671042
24.463,1786827670655
24.463,1786827670498
24.463,1786827670380
24.463,1786827669980
24.463,1786827669825
24.463,1786827669665
24.463,1786827669271
24.472,1786827669149
24.472,1786827668985
24.472,1786827668692
24.472,1786827668437
24.472,1786827668276
24.472,1786827668116
24.472,1786827667708
24.472,1786827667596
24.472,1786827667091
24.472,1786827666933
24.436,1786827666764
24.436,1786827666413
24.436,1786827666206
24.436,1786827666042
24.436,1786827665841
24.436,1786827665470
24.436,1786827665358
24.436,1786827664800
24.436,1786827664642
24.526,1786827664524
24.526,1786827664120
24.526,1786827664008
24.526,1786827663844
24.526,1786827663550
24.526,1786827663278
24.526,1786827663123
24.526,1786827662871
24.526,1786827662608
24.526,1786827662449
24.409,1786827662336
24.409,1786827661778
24.409,1786827661666
24.409,1786827661223
24.409,1786827661101
24.409,1786827660937
24.409,1786827660649
24.409,1786827660391
24.409,1786827660231
24.22,1786827660117
24.22,1786827659716
24.22,1786827659558
24.22,1786827659448
24.22,1786827659053
24.22,1786827658884
24.22,1786827658726
24.22,1786827658374
24.22,1786827658169
24.22,1786827658052
24.22,1786827657747
24.149,1786827657484
24.149,1786827657324
24.149,1786827657202
24.149,1786827656812
24.149,1786827656652
24.149,1786827656536
24.149,1786827656089
24.149,1786827655978
24.149,1786827655813
24.149,1786827655465
24.149,1786827655296
24.149,1786827655134
24.149,1786827654982
24.149,1786827654629
24.149,1786827654469
24.149,1786827654353
24.149,1786827653952
24.149,1786827653793
24.149,1786827653634
24.167,1786827653068
24.167,1786827652905
24.167,1786827652405
24.167,1786827652125
24.167,1786827651724
24.167,1786827651565
24.167,1786827651454
24.167,1786827651061
24.238,1786827650893
24.238,1786827650733
24.238,1786827650482
24.238,1786827650062
24.238,1786827649965
24.238,1786827649503
24.238,1786827649347
24.238,1786827649237
24.238,1786827648843
24.238,1786827648686
24.22,1786827648515
24.22,1786827647959
24.22,1786827647802
24.22,1786827647287
24.22,1786827647125
24.22,1786827647015
24.22,1786827646609
24.22,1786827646452
24.149,1786827646330
24.149,1786827645984
24.149,1786827645782
24.149,1786827645624
24.149,1786827645418
24.149,1786827645106
24.149,1786827644942
24.149,1786827644739
24.149,1786827644389
24.149,1786827644226
24.158,1786827644108
24.158,1786827643553
24.158,1786827643393
24.158,1786827642997
24.158,1786827642829
24.158,1786827642717
24.158,1786827642162
24.158,1786827642000
24.202,1786827641822
24.202,1786827641435
24.202,1786827641323
24.202,1786827641166
24.202,1786827640765
24.202,1786827640654
24.202,1786827640485
24.202,1786827640320
24.202,1786827640214
24.202,1786827639819
24.202,1786827639608
24.211,1786827639487
24.211,1786827638930
24.211,1786827638818
24.211,1786827638465
24.211,1786827638249
24.211,1786827638092
24.211,1786827637889
24.211,1786827637586
24.211,1786827637421
24.22,1786827637257
24.22,1786827636862
24.22,1786827636591
24.22,1786827636200
24.22,1786827636032
24.22,1786827635618
24.22,1786827635367
24.22,1786827635203
24.22,1786827635039
24.22,1786827634690
24.22,1786827634528
24.22,1786827634418
24.22,1786827634023
24.22,1786827633855
24.22,1786827633694
24.22,1786827633295
24.22,1786827633138
24.22,1786827633026
24.22,1786827632668
24.22,1786827632463
24.22,1786827632295
24.22,1786827632095
24.22,1786827631741
24.22,1786827631581
24.22,1786827631448
24.22,1786827631014
24.22,1786827630855
24.22,1786827630749
24.22,1786827630356
24.185,1786827630024
24.185,1786827629718
24.185,1786827629521
24.185,1786827629364
24.185,1786827629209
24.185,1786827628799
24.185,1786827628687
24.185,1786827628529
24.185,1786827628133
24.238,1786827627964
24.238,1786827627852
24.238,1786827627464
24.238,1786827627310
24.238,1786827627147
24.238,1786827626936
24.238,1786827626582
24.238,1786827626426
24.238,1786827626321
24.238,1786827625921
24.176,1786827625756
24.176,1786827625598
24.176,1786827625207
24.176,1786827625051
24.176,1786827624935
24.176,1786827624581
24.176,1786827624212
24.176,1786827623910
24.176,1786827623603
24.238,1786827623481
24.238,1786827623225
24.238,1786827622923
24.238,1786827622764
24.238,1786827622653
24.238,1786827622249
24.238,1786827622084
24.238,1786827621973
24.238,1786827621585
24.238,1786827621418
24.238,1786827621262
24.274,1786827620948
24.274,1786827620738
24.274,1786827620580
24.274,1786827620376
24.274,1786827619902
24.274,1786827619745
24.274,1786827619407
24.274,1786827619242
24.274,1786827619086
24.149,1786827618675
24.149,1786827618516
24.149,1786827618404
24.149,1786827618100
24.149,1786827617800
24.149,1786827617678
24.149,1786827617375
24.149,1786827617121
24.149,1786827616956
24.149,1786827616848
24.256,1786827616443
24.256,1786827616280
24.256,1786827616170
24.256,1786827615771
24.256,1786827615616
24.256,1786827615495
24.256,1786827615194
24.256,1786827614826
24.256,1786827614720
24.149,1786827614353
24.149,1786827614193
24.149,1786827614029
24.149,1786827613876
24.149,1786827613523
24.149,1786827613353
24.149,1786827613251
24.149,1786827612691
24.149,1786827612532
24.158,1786827612129
24.158,1786827611806
24.158,1786827611560
24.158,1786827611258
24.158,1786827611141
24.158,1786827610932
24.158,1786827610580
24.158,1786827610422
24.158,1786827610312
24.158,1786827609866
24.22,1786827609743
24.22,1786827609588
24.22,1786827609430
24.22,1786827609322
24.22,1786827608923
24.22,1786827608756
24.22,1786827608596
24.22,1786827608198
24.22,1786827607927
24.202,1786827607360
24.202,1786827607196
24.202,1786827606994
24.202,1786827606637
24.202,1786827606515
24.202,1786827606396
24.202,1786827605959
24.202,1786827605799
24.202,1786827605689
24.176,1786827605286
24.176,1786827605126
24.176,1786827605014
24.176,1786827604665
24.176,1786827604293
24.176,1786827604093
24.176,1786827603795
24.176,1786827603630
24.158,1786827603068
24.158,1786827602908
24.158,1786827602798
24.158,1786827602405
24.158,1786827602246
24.158,1786827602124
24.158,1786827601821
24.158,1786827601613
24.158,1786827601503
24.158,1786827601338
24.158,1786827601026
24.122,1786827600771
24.122,1786827600614
24.122,1786827600308
24.122,1786827600102
24.122,1786827599947
24.122,1786827599727
24.122,1786827599378
24.122,1786827599218
24.122,1786827599106
24.122,1786827598721
24.167,1786827598548
24.167,1786827598439
24.167,1786827598040
24.167,1786827597882
24.167,1786827597722
24.167,1786827597361
24.167,1786827597155
24.167,1786827597043
24.167,1786827596820
24.167,1786827596482
24.274,1786827596315
24.274,1786827596187
24.274,1786827595808
24.274,1786827595643
24.274,1786827595535
24.274,1786827595086
24.274,1786827594928
24.274,1786827594816
24.274,1786827594470
24.274,1786827594266
24.247,1786827594144
24.247,1786827593792
24.247,1786827593584
24.247,1786827593421
24.247,1786827593266
24.247,1786827592851
24.247,1786827592723
24.247,1786827592584
24.247,1786827592184
24.247,1786827592075
24.247,1786827591915
24.265,1786827591557
24.265,1786827591350
24.265,1786827591186
24.265,1786827590894
24.265,1786827590687
24.265,1786827590515
24.265,1786827590362
24.265,1786827590010
24.265,1786827589850
24.265,1786827589740
24.256,1786827589296
24.256,1786827589024
24.256,1786827588710
24.256,1786827588472
24.256,1786827588298
24.256,1786827588052
24.256,1786827587749
24.256,1786827587585
24.256,1786827587476
24.176,1786827587067
24.176,1786827586908
24.176,1786827586796
24.176,1786827586398
24.176,1786827586239
24.176,1786827586080
24.176,1786827585719
24.176,1786827585607
24.176,1786827585495
24.176,1786827585378
24.193,1786827585256
24.193,1786827585144
24.193,1786827585032
24.193,1786827584803
24.193,1786827584681
24.193,1786827584569
24.193,1786827584457
24.193,1786827584345
24.193,1786827584229
24.158,1786827584107
24.158,1786827583995
24.158,1786827583883
24.158,1786827583770
24.158,1786827583653
24.158,1786827583541
24.158,1786827583419
24.158,1786827583307
24.158,1786827583195
24.158,1786827583078
24.158,1786827582965
24.167,1786827582843
24.167,1786827582731
24.167,1786827582619
24.167,1786827582502
24.167,1786827582390
24.167,1786827582269
24.167,1786827582157
24.167,1786827582045
24.167,1786827581929
24.167,1786827581817
24.167,1786827581696
24.167,1786827581584
24.167,1786827581472
24.167,1786827581355
24.167,1786827581243
24.167,1786827581121
24.167,1786827581009
24.167,1786827580897
24.167,1786827580780
24.167,1786827580668
24.176,1786827580546
24.176,1786827580435
24.176,1786827580322
24.176,1786827580205
24.176,1786827580093
24.176,1786827579971
24.176,1786827579859
24.176,1786827579747
24.176,1786827579631
24.176,1786827579518
24.185,1786827579397
24.185,1786827579285
24.185,1786827579173
24.185,1786827579056
24.185,1786827578944
24.185,1786827578822
24.185,1786827578710
24.185,1786827578483
24.185,1786827578371
24.131,1786827578137
24.131,1786827578025
24.131,1786827577908
24.131,1786827577796
24.131,1786827577683
24.131,1786827577559
24.131,1786827577450
24.131,1786827577334
24.131,1786827577221
24.122,1786827576985
24.122,1786827576876
24.122,1786827576759
24.122,1786827576646
24.122,1786827576410
24.122,1786827576300
24.122,1786827576184
24.122,1786827576072
24.14,1786827575835
24.14,1786827575725
24.14,1786827575609
24.14,1786827575497
24.14,1786827575260
24.14,1786827575150
24.14,1786827575034
24.14,1786827574921
24.14,1786827574809
24.176,1786827574685
24.176,1786827574574
24.176,1786827574458
24.176,1786827574346
24.176,1786827574233
24.176,1786827574109
24.176,1786827574000
24.176,1786827573883
24.176,1786827573770
24.176,1786827573658
24.185,1786827573534
24.185,1786827573425
24.185,1786827573308
24.185,1786827573196
24.185,1786827573084
24.185,1786827572970
24.185,1786827572851
24.185,1786827572734
24.185,1786827572622
24.185,1786827572510
24.185,1786827572396
24.158,1786827572277
24.158,1786827572161
24.158,1786827572050
24.158,1786827571939
24.158,1786827571827
24.158,1786827571706
24.158,1786827571590
24.158,1786827571478
24.158,1786827571366
24.158,1786827571254
24.185,1786827571132
24.185,1786827571017
24.185,1786827570905
24.185,1786827570793
24.185,1786827570681
24.185,1786827570559
24.185,1786827570443
24.185,1786827570331
24.185,1786827570219
24.185,1786827569985
24.185,1786827569869
24.185,1786827569757
24.185,1786827569645
24.185,1786827569531
24.185,1786827569412
24.185,1786827569295
24.185,1786827569183
24.185,1786827569071
24.185,1786827568957
24.149,1786827568838
24.149,1786827568721
24.149,1786827568609
24.149,1786827568497
24.149,1786827568383
24.149,1786827568274
24.149,1786827568147
24.149,1786827568035
24.149,1786827567923
24.149,1786827567809
24.149,1786827567698
24.202,1786827567571
24.202,1786827567459
24.202,1786827567347
24.202,1786827567233
24.202,1786827567123
24.202,1786827566997
24.202,1786827566885
24.202,1786827566773
24.202,1786827566659
24.202,1786827566549
24.149,1786827566423
24.149,1786827566311
24.149,1786827566199
24.149,1786827566085
24.149,1786827565975
24.149,1786827565849
24.149,1786827565737
24.149,1786827565625
24.149,1786827565511
24.149,1786827565401
24.274,1786827565275
24.274,1786827565163
24.274,1786827565051
24.274,1786827564937
24.274,1786827564827
24.274,1786827564701
24.274,1786827564589
24.274,1786827564477
24.274,1786827564363
24.274,1786827564253
24.185,1786827564127
24.185,1786827564015
24.185,1786827563903
24.185,1786827563674
24.185,1786827563440
24.185,1786827563328
24.185,1786827563216
24.185,1786827563099
24.185,1786827562987
24.14,1786827562865
24.14,1786827562753
24.14,1786827562641
24.14,1786827562524
24.14,1786827562411
24.14,1786827562289
24.14,1786827562177
24.14,1786827562065
24.14,1786827561948
24.14,1786827561836
24.158,1786827561714
24.158,1786827561602
24.158,1786827561490
24.158,1786827561374
24.158,1786827561262
24.158,1786827561140
24.158,1786827561028
24.158,1786827560916
24.158,1786827560799
24.158,1786827560687
24.158,1786827560565
24.158,1786827560453
24.158,1786827560341
24.158,1786827560224
24.158,1786827560112
24.158,1786827559990
24.158,1786827559878
24.158,1786827559766
24.158,1786827559649
24.158,1786827559537
24.202,1786827559415
24.202,1786827559301
24.202,1786827559192
24.202,1786827559075
24.202,1786827558963
24.202,1786827558841
24.202,1786827558727
24.202,1786827558618
24.202,1786827558501
24.202,1786827558389
24.202,1786827558266
24.202,1786827558154
24.202,1786827557926
24.202,1786827557814
24.202,1786827557577
24.202,1786827557469
24.202,1786827557352
24.202,1786827557240
24.158,1786827557003
24.158,1786827556893
24.158,1786827556777
24.158,1786827556665
24.158,1786827556429
24.158,1786827556319
24.158,1786827556203
24.158,1786827556091
24.14,1786827555855
24.14,1786827555629
24.14,1786827555517
24.14,1786827555281
24.14,1786827555055
24.14,1786827554943
24.176,1786827554707
24.176,1786827554598
24.176,1786827554482
24.176,1786827554370
24.176,1786827554134
24.176,1786827554025
24.176,1786827553908
24.176,1786827553796
24.158,1786827553562
24.158,1786827553337
24.158,1786827553225
24.158,1786827553113
24.158,1786827552991
24.158,1786827552879
24.158,1786827552763
24.158,1786827552651
24.158,1786827552539
24.158,1786827552425
24.158,1786827552306
24.158,1786827552189
24.158,1786827551965
24.158,1786827551851
24.158,1786827551732
24.158,1786827551615
24.158,1786827551503
24.158,1786827551391
24.158,1786827551277
24.193,1786827551162
24.193,1786827551044
24.193,1786827550932
24.193,1786827550820
24.193,1786827550585
24.193,1786827550357
24.193,1786827550244
24.202,1786827550010
24.202,1786827549781
24.202,1786827549669
24.202,1786827549434
24.202,1786827549206
24.202,1786827549094
24.202,1786827548981
24.202,1786827548855
24.202,1786827548631
24.202,1786827548519
24.202,1786827548407
24.202,1786827548281
24.202,1786827548170
24.202,1786827548058
24.202,1786827547946
24.202,1786827547835
24.256,1786827547709
24.256,1786827547598
24.256,1786827547486
24.256,1786827547374
24.256,1786827547263
24.256,1786827547146
24.256,1786827546913
24.256,1786827546801
24.256,1786827546689
24.256,1786827546573
24.158,1786827546339
24.158,1786827546227
24.158,1786827546115
24.158,1786827545999
24.158,1786827545877
24.158,1786827545766
24.158,1786827545654
24.158,1786827545542
24.158,1786827545430
24.113,1786827545191
24.113,1786827545079
24.113,1786827544965
24.113,1786827544855
24.113,1786827544617
24.113,1786827544505
24.113,1786827544392
24.113,1786827544282
24.158,1786827544043
24.158,1786827543932
24.158,1786827543818
24.158,1786827543708
24.158,1786827543582
24.158,1786827543470
24.158,1786827543357
24.158,1786827543243
24.158,1786827543133
24.202,1786827543008
24.202,1786827542895
24.202,1786827542783
24.202,1786827542671
24.202,1786827542560
24.202,1786827542432
24.202,1786827542320
24.202,1786827542208
24.202,1786827542096
24.202,1786827541980
24.202,1786827541868
24.14,1786827541746
24.14,1786827541634
24.14,1786827541520
24.14,1786827541410
24.14,1786827541292
24.14,1786827541170
24.14,1786827541058
24.14,1786827540945
24.14,1786827540835
24.14,1786827540719
24.176,1786827540596
24.176,1786827540484
24.176,1786827540371
24.176,1786827540260
24.176,1786827540143
24.176,1786827540021
24.176,1786827539909
24.176,1786827539796
24.176,1786827539686
24.176,1786827539570
24.167,1786827539222
24.167,1786827539113
24.167,1786827538996
24.167,1786827538874
24.167,1786827538762
24.167,1786827538648
24.167,1786827538538
24.167,1786827538422
24.14,1786827538300
24.14,1786827538188
24.14,1786827537965
24.14,1786827537848
24.14,1786827537726
24.14,1786827537614
24.14,1786827537500
24.14,1786827537390
24.14,1786827537274
24.158,1786827537152
24.158,1786827537040
24.158,1786827536927
24.158,1786827536815
24.158,1786827536699
24.158,1786827536587
24.158,1786827536351
24.158,1786827536243
24.158,1786827536013
24.158,1786827535891
24.158,1786827535777
24.158,1786827535668
24.158,1786827535551
24.158,1786827535439
24.158,1786827535317
24.158,1786827535204
24.158,1786827535094
24.158,1786827534978
24.158,1786827534866
24.131,1786827534744
24.131,1786827534631
24.131,1786827534521
24.131,1786827534405
24.131,1786827534293
24.131,1786827534171
24.131,1786827534057
24.131,1786827533946
24.131,1786827533830
24.131,1786827533718
24.176,1786827533596
24.176,1786827533485
24.176,1786827533256
24.176,1786827533144
24.176,1786827533023
24.176,1786827532794
24.176,1786827532682
24.176,1786827532570
24.274,1786827532448
24.274,1786827532336
24.274,1786827532219
24.274,1786827531995
24.274,1786827531873
24.274,1786827531761
24.274,1786827531644
24.274,1786827531532
24.274,1786827531420
24.274,1786827531308
24.167,1786827531068
24.167,1786827530957
24.167,1786827530845
24.167,1786827530732
24.167,1786827530610
24.167,1786827530493
24.167,1786827530269
24.167,1786827530157
24.14,1786827530035
24.14,1786827529918
24.14,1786827529806
24.14,1786827529694
24.14,1786827529582
24.14,1786827529460
24.14,1786827529343
24.14,1786827529230
24.14,1786827529118
24.14,1786827529006
24.167,1786827528884
24.167,1786827528768
24.167,1786827528656
24.167,1786827528544
24.167,1786827528432
24.167,1786827528310
24.167,1786827528194
24.167,1786827528082
24.167,1786827527970
24.167,1786827527858
24.131,1786827527736
24.131,1786827527622
24.131,1786827527511
24.131,1786827527399
24.131,1786827527287
24.131,1786827527165
24.131,1786827527053
24.131,1786827526941
24.131,1786827526829
24.131,1786827526717
24.185,1786827526595
24.185,1786827526478
24.185,1786827526366
24.185,1786827526254
24.185,1786827526029
24.185,1786827525902
24.185,1786827525790
24.185,1786827525678
24.185,1786827525566
24.185,1786827525453
24.167,1786827525325
24.167,1786827525213
24.167,1786827525101
24.167,1786827524989
24.167,1786827524877
24.167,1786827524750
24.167,1786827524638
24.167,1786827524526
24.167,1786827524414
24.167,1786827524302
24.131,1786827524175
24.131,1786827524063
24.131,1786827523951
24.131,1786827523839
24.131,1786827523727
24.131,1786827523603
24.131,1786827523491
24.131,1786827523379
24.131,1786827523156
24.167,1786827523030
24.167,1786827522918
24.167,1786827522806
24.167,1786827522695
24.167,1786827522456
24.167,1786827522344
24.167,1786827522232
24.167,1786827522120
24.167,1786827522008
24.167,1786827521886
24.167,1786827521774
24.167,1786827521662
24.167,1786827521550
24.167,1786827521438
24.167,1786827521311
24.167,1786827521199
24.167,1786827521087
24.167,1786827520975
24.167,1786827520863
24.167,1786827520746
24.149,1786827520624
24.149,1786827520512
24.149,1786827520399
24.149,1786827520291
24.149,1786827520173
24.149,1786827520051
24.149,1786827519939
24.149,1786827519825
24.149,1786827519715
24.149,1786827519598
24.14,1786827519476
24.14,1786827519364
24.14,1786827519251
24.14,1786827519141
24.14,1786827519024
24.14,1786827518902
24.14,1786827518790
24.14,1786827518677
24.14,1786827518568
24.149,1786827518329
24.149,1786827518103
24.149,1786827517993
24.149,1786827517755
24.149,1786827517643
24.149,1786827517529
24.149,1786827517419
24.149,1786827517303
24.185,1786827517181
24.185,1786827517069
24.185,1786827516955
24.185,1786827516845
24.185,1786827516728
24.185,1786827516607
24.185,1786827516494
24.185,1786827516380
24.185,1786827516270
24.185,1786827516154
24.238,1786827516032
24.238,1786827515920
24.238,1786827515806
24.238,1786827515700
24.238,1786827515471
24.238,1786827515349
24.238,1786827515010
24.238,1786827514897
24.202,1786827514775
24.202,1786827514661
24.202,1786827514435
24.202,1786827514323
24.202,1786827514201
24.202,1786827513978
24.202,1786827513861
24.202,1786827513748
24.193,1786827513626
24.193,1786827513512
24.193,1786827513402
24.193,1786827513286
24.193,1786827513174
24.193,1786827513052
24.193,1786827512939
24.193,1786827512829
24.193,1786827512713
24.193,1786827512601
24.185,1786827512479
24.185,1786827512365
24.185,1786827512254
24.185,1786827512138
24.185,1786827512026
24.185,1786827511904
24.185,1786827511792
24.185,1786827511680
24.185,1786827511563
24.185,1786827511451
24.193,1786827511329
24.193,1786827511216
24.193,1786827510987
24.193,1786827510875
24.193,1786827510753
24.193,1786827510642
24.193,1786827510525
24.193,1786827510413
24.193,1786827510301
24.193,1786827510189
24.185,1786827510067
24.185,1786827509949
24.185,1786827509837
24.185,1786827509725
24.185,1786827509612
24.185,1786827509490
24.185,1786827509373
24.185,1786827509260
24.185,1786827509148
24.185,1786827509036
24.167,1786827508914
24.167,1786827508799
24.167,1786827508687
24.167,1786827508575
24.167,1786827508463
24.167,1786827508341
24.167,1786827508229
24.167,1786827508005
24.167,1786827507893
24.158,1786827507771
24.158,1786827507654
24.158,1786827507430
24.158,1786827507318
24.158,1786827507196
24.158,1786827507079
24.158,1786827506967
24.158,1786827506855
24.158,1786827506743
24.122,1786827506504
24.122,1786827506392
24.122,1786827506280
24.122,1786827506168
24.122,1786827506046
24.122,1786827505929
24.122,1786827505816
24.122,1786827505704
24.122,1786827505592
24.149,1786827505470
24.149,1786827505353
24.149,1786827505241
24.149,1786827505129
24.149,1786827505016
24.149,1786827504904
24.149,1786827504777
24.149,1786827504665
24.149,1786827504553
24.149,1786827504441
24.158,1786827504203
24.158,1786827504092
24.158,1786827503980
24.158,1786827503868
24.158,1786827503756
24.158,1786827503631
24.158,1786827503183
24.202,1786827503056
24.202,1786827502944
24.202,1786827502717
24.202,1786827502608
24.202,1786827502480
24.202,1786827502368
24.202,1786827502142
24.202,1786827502032
24.176,1786827501906
24.176,1786827501793
24.176,1786827501681
24.176,1786827501569
24.176,1786827501452
24.176,1786827501330
24.176,1786827501218
24.176,1786827501106
24.176,1786827500994
24.176,1786827500877
24.274,1786827500754
24.274,1786827500642
24.274,1786827500530
24.274,1786827500418
24.274,1786827500301
24.274,1786827500179
24.274,1786827500067
24.274,1786827499955
24.274,1786827499843
24.274,1786827499726
24.274,1786827499614
24.167,1786827499492
24.167,1786827499380
24.167,1786827499268
24.167,1786827499152
24.167,1786827498917
24.167,1786827498806
24.167,1786827498694
24.167,1786827498578
24.167,1786827498467
24.185,1786827498345
24.185,1786827498231
24.185,1786827498007
24.185,1786827497895
24.185,1786827497773
24.185,1786827497659
24.185,1786827497433
24.185,1786827497321
24.22,1786827497199
24.22,1786827497085
24.22,1786827496976
24.22,1786827496859
24.22,1786827496747
24.22,1786827496625
24.22,1786827496513
24.22,1786827496401
24.22,1786827496284
24.22,1786827496172
24.202,1786827496050
24.202,1786827495937
24.202,1786827495827
24.202,1786827495711
24.202,1786827495599
24.202,1786827495477
24.202,1786827495365
24.202,1786827495137
24.202,1786827495025
24.238,1786827494903
24.238,1786827494791
24.238,1786827494561
24.238,1786827494450
24.238,1786827494338
24.238,1786827494216
24.238,1786827493988
24.238,1786827493876
24.238,1786827493764
24.202,1786827493642
24.202,1786827493414
24.202,1786827493302
24.202,1786827493191
24.202,1786827493069
24.202,1786827492954
24.202,1786827492842
24.202,1786827492730
24.202,1786827492616
24.149,1786827492497
24.149,1786827492380
24.149,1786827492268
24.149,1786827492156
24.149,1786827492042
24.149,1786827491925
24.149,1786827491808
24.149,1786827491584
24.149,1786827491470
24.167,1786827491350
24.167,1786827491234
24.167,1786827491122
24.167,1786827491010
24.167,1786827490898
24.167,1786827490771
24.167,1786827490659
24.167,1786827490436
24.167,1786827490324
24.158,1786827490197
24.158,1786827490085
24.158,1786827489861
24.158,1786827489749
24.158,1786827489623
24.158,1786827489511
24.158,1786827489399
24.158,1786827489174
24.158,1786827489057
24.202,1786827488935
24.202,1786827488822
24.202,1786827488710
24.202,1786827488598
24.202,1786827488480
24.202,1786827488357
24.202,1786827488245
24.202,1786827488133
24.202,1786827488021
24.202,1786827487904
24.202,1786827487783
24.202,1786827487671
24.202,1786827487559
24.202,1786827487447
24.202,1786827487331
24.202,1786827487209
24.202,1786827487097
24.202,1786827486983
24.202,1786827486871
24.202,1786827486632
24.202,1786827486520
24.202,1786827486409
24.202,1786827486297
24.202,1786827486180
24.202,1786827486058
24.202,1786827485946
24.202,1786827485835
24.202,1786827485606
24.202,1786827485484
24.202,1786827485372
24.202,1786827485260
24.202,1786827485148
24.202,1786827484909
24.202,1786827484685
24.202,1786827484573
24.176,1786827484334
24.176,1786827484108
24.176,1786827483771
24.176,1786827483535
24.176,1786827483428
24.176,1786827483311
24.176,1786827483198
24.158,1786827483076
24.158,1786827482964
24.158,1786827482852
24.158,1786827482623
24.158,1786827482389
24.158,1786827482277
24.158,1786827482161
24.158,1786827482049
24.167,1786827481927
24.167,1786827481813
24.167,1786827481705
24.167,1786827481588
24.167,1786827481476
24.167,1786827481354
24.167,1786827481240
24.167,1786827481131
24.167,1786827481014
24.167,1786827480901
24.193,1786827480780
24.193,1786827480667
24.193,1786827480557
24.193,1786827480328
24.193,1786827480092
24.193,1786827479982
24.193,1786827479752
24.238,1786827479630
24.238,1786827479517
24.238,1786827479405
24.238,1786827479289
24.238,1786827479177
24.238,1786827479056
24.238,1786827478942
24.238,1786827478832
24.238,1786827478715
24.238,1786827478603
24.238,1786827478491
24.122,1786827478367
24.122,1786827478258
24.122,1786827478140
24.122,1786827478028
24.122,1786827477915
24.122,1786827477790
24.122,1786827477680
24.122,1786827477564
24.122,1786827477452
24.122,1786827477339
24.158,1786827477215
24.158,1786827477105
24.158,1786827476877
24.158,1786827476764
24.158,1786827476530
24.158,1786827476418
24.158,1786827476306
24.158,1786827476194
24.256,1786827476072
24.256,1786827475960
24.256,1786827475844
24.256,1786827475732
24.256,1786827475620
24.256,1786827475496
24.256,1786827475270
24.256,1786827475158
24.167,1786827474923
24.167,1786827474698
24.167,1786827474586
24.167,1786827474474
24.167,1786827474351
24.167,1786827474241
24.167,1786827474125
24.167,1786827474013
24.167,1786827473901
24.238,1786827473777
24.238,1786827473667
24.238,1786827473551
24.238,1786827473439
24.238,1786827473328
24.238,1786827473214
24.238,1786827473094
24.238,1786827472978
24.238,1786827472866
24.238,1786827472754
24.238,1786827472641
24.229,1786827472515
24.229,1786827472403
24.229,1786827472291
24.229,1786827472179
24.229,1786827471941
24.229,1786827471829
24.229,1786827471717
24.229,1786827471605
24.229,1786827471493
24.193,1786827471367
24.193,1786827471143
24.193,1786827471031
24.193,1786827470919
24.193,1786827470793
24.193,1786827470680
24.193,1786827470568
24.193,1786827470456
24.202,1786827470220
24.202,1786827470109
24.202,1786827469997
24.202,1786827469885
24.202,1786827469773
24.202,1786827469647
24.202,1786827469535
24.202,1786827469423
24.202,1786827469311
24.202,1786827469198
24.238,1786827469073
24.238,1786827468737
24.238,1786827468625
24.238,1786827468499
24.238,1786827468387
24.238,1786827468275
24.238,1786827468163
24.238,1786827468051
24.193,1786827467813
24.193,1786827467701
24.193,1786827467589
24.193,1786827467477
24.193,1786827467360
24.193,1786827467238
24.193,1786827467126
24.193,1786827467014
24.193,1786827466902
24.193,1786827466786
24.176,1786827466664
24.176,1786827466552
24.176,1786827466328
24.176,1786827466212
24.176,1786827466090
24.176,1786827465978
24.176,1786827465638
24.158,1786827465516
24.158,1786827465404
24.158,1786827465180
24.158,1786827465064
24.158,1786827464942
24.158,1786827464830
24.158,1786827464609
24.158,1786827464492
24.193,1786827464370
24.193,1786827464258
24.193,1786827464144
24.193,1786827464037
24.193,1786827463920
24.193,1786827463686
24.193,1786827463572
24.193,1786827463462
24.193,1786827463346
24.185,1786827463112
24.185,1786827462998
24.185,1786827462888
24.185,1786827462771
24.185,1786827462659
24.185,1786827462425
24.185,1786827462313
24.185,1786827462201
24.185,1786827462088
24.193,1786827461966
24.193,1786827461854
24.193,1786827461738
24.193,1786827461626
24.193,1786827461515
24.193,1786827461393
24.193,1786827461281
24.193,1786827461164
24.193,1786827461052
24.193,1786827460940
24.22,1786827460818
24.22,1786827460706
24.22,1786827460589
24.22,1786827460477
24.22,1786827460365
24.22,1786827460243
24.22,1786827460131
24.22,1786827460014
24.22,1786827459902
24.22,1786827459790
24.149,1786827459668
24.149,1786827459554
24.149,1786827459440
24.149,1786827459328
24.149,1786827459216
24.149,1786827459094
24.149,1786827458982
24.149,1786827458867
24.149,1786827458643
24.22,1786827458521
24.22,1786827458407
24.22,1786827458295
24.22,1786827458183
24.22,1786827458071
24.22,1786827457949
24.22,1786827457837
24.22,1786827457720
24.22,1786827457496
24.22,1786827457384
24.229,1786827457262
24.229,1786827457147
24.229,1786827457035
24.229,1786827456923
24.229,1786827456810
24.229,1786827456688
24.229,1786827456571
24.229,1786827456459
24.229,1786827456347
24.229,1786827456235
24.256,1786827456113
24.256,1786827455999
24.256,1786827455887
24.256,1786827455775
24.256,1786827455661
24.256,1786827455543
24.256,1786827455426
24.256,1786827455314
24.256,1786827455203
24.256,1786827455090
24.185,1786827454968
24.185,1786827454851
24.185,1786827454739
24.185,1786827454628
24.185,1786827454515
24.185,1786827454388
24.185,1786827454276
24.185,1786827454164
24.185,1786827453940
24.185,1786827453813
24.185,1786827453701
24.185,1786827453589
24.185,1786827453477
24.185,1786827453365
24.185,1786827453128
24.185,1786827453016
24.185,1786827452904
24.185,1786827452792
24.211,1786827452553
24.211,1786827452441
24.211,1786827452330
24.211,1786827452217
24.211,1786827452100
24.211,1786827451979
24.211,1786827451866
24.211,1786827451755
24.211,1786827451642
24.211,1786827451524
24.149,1786827451402
24.149,1786827451289
24.149,1786827451177
24.149,1786827451065
24.149,1786827450949
24.149,1786827450827
24.149,1786827450715
24.149,1786827450603
24.149,1786827450491
24.149,1786827450374
24.158,1786827450253
24.158,1786827450140
24.158,1786827450028
24.158,1786827449916
24.158,1786827449799
24.158,1786827449677
24.158,1786827449565
24.158,1786827449453
24.158,1786827449341
24.158,1786827449225
24.229,1786827449103
24.229,1786827448991
24.229,1786827448879
24.229,1786827448656
24.229,1786827448533
24.229,1786827448421
24.229,1786827448307
24.229,1786827448198
24.229,1786827448081
24.202,1786827447959
24.202,1786827447847
24.202,1786827447733
24.202,1786827447624
24.202,1786827447507
24.202,1786827447385
24.202,1786827447273
24.202,1786827447050
24.202,1786827446933
24.202,1786827446821
24.193,1786827446699
24.193,1786827446585
24.193,1786827446476
24.193,1786827446359
24.193,1786827446247
24.193,1786827446128
24.193,1786827446014
24.193,1786827445907
24.193,1786827445790
24.193,1786827445678
24.202,1786827445556
24.202,1786827445442
24.202,1786827445335
24.202,1786827445217
24.202,1786827444984
24.202,1786827444870
24.202,1786827444760
24.202,1786827444644
24.202,1786827444532
24.158,1786827444409
24.158,1786827444296
24.158,1786827444185
24.158,1786827444069
24.158,1786827443957
24.158,1786827443835
24.158,1786827443722
24.158,1786827443617
24.158,1786827443500
24.158,1786827443388
24.158,1786827443266
24.158,1786827443152
24.158,1786827443047
24.158,1786827442930
24.158,1786827442818
24.158,1786827442696
24.158,1786827442584
24.158,1786827442472
24.158,1786827442357
24.158,1786827442245
24.229,1786827442123
24.229,1786827442009
24.229,1786827441904
24.229,1786827441787
24.229,1786827441675
24.229,1786827441563
24.229,1786827441439
24.229,1786827441329
24.229,1786827441213
24.229,1786827441101
24.229,1786827440988
24.193,1786827440864
24.193,1786827440754
24.193,1786827440638
24.193,1786827440525
24.193,1786827440413
24.193,1786827440289
24.193,1786827440179
24.193,1786827440063
24.193,1786827439951
24.193,1786827439840
24.149,1786827439715
24.149,1786827439605
24.149,1786827439489
24.149,1786827439377
24.149,1786827439265
24.149,1786827439141
24.149,1786827439031
24.149,1786827438915
24.149,1786827438691
24.202,1786827438452
24.202,1786827438340
24.202,1786827438228
24.202,1786827438116
24.202,1786827437877
24.202,1786827437765
24.202,1786827437653
24.202,1786827437541
24.158,1786827437302
24.158,1786827437190
24.158,1786827436842
24.158,1786827436735
24.158,1786827436618
24.158,1786827436506
24.158,1786827436394
24.158,1786827436280
24.229,1786827436160
24.229,1786827436044
24.229,1786827435932
24.229,1786827435820
24.229,1786827435706
24.229,1786827435586
24.229,1786827435470
24.229,1786827435358
24.229,1786827435246
24.229,1786827435132
24.256,1786827434896
24.256,1786827434784
24.256,1786827434558
24.256,1786827434322
24.256,1786827434210
24.256,1786827433984
24.229,1786827433748
24.229,1786827433636
24.229,1786827433410
24.229,1786827433290
24.229,1786827433174
24.229,1786827433062
24.229,1786827432838
24.22,1786827432716
24.22,1786827432599
24.22,1786827432487
24.22,1786827432261
24.22,1786827432141
24.22,1786827432025
24.22,1786827431913
24.22,1786827431801
24.256,1786827431337
24.256,1786827431111
24.256,1786827430999
24.256,1786827430873
24.256,1786827430761
24.256,1786827430649
24.256,1786827430536
24.256,1786827430426
24.193,1786827430300
24.193,1786827430188
24.193,1786827430076
24.193,1786827429962
24.193,1786827429853
24.193,1786827429726
24.193,1786827429614
24.193,1786827429502
24.193,1786827429390
24.193,1786827429278
24.193,1786827429151
24.193,1786827429039
24.193,1786827428927
24.193,1786827428815
24.193,1786827428698
24.193,1786827428576
24.193,1786827428464
24.193,1786827428352
24.193,1786827428240
24.193,1786827428123
24.202,1786827428001
24.202,1786827427889
24.202,1786827427777
24.202,1786827427665
24.202,1786827427548
24.202,1786827427426
24.202,1786827427314
24.202,1786827427202
24.202,1786827427090
24.202,1786827426973
24.22,1786827426851
24.22,1786827426739
24.22,1786827426627
24.22,1786827426515
24.22,1786827426403
24.22,1786827426286
24.22,1786827426164
24.22,1786827426052
24.22,1786827425938
24.22,1786827425828
24.22,1786827425711
24.193,1786827425590
24.193,1786827425478
24.193,1786827425364
24.193,1786827425254
24.193,1786827425138
24.193,1786827424904
24.193,1786827424792
24.193,1786827424680
24.211,1786827424441
24.211,1786827424329
24.211,1786827424217
24.211,1786827424100
24.211,1786827423988
24.211,1786827423866
24.211,1786827423753
24.211,1786827423524
24.211,1786827423412
24.274,1786827423290
24.274,1786827423178
24.274,1786827423066
24.274,1786827422949
24.274,1786827422837
24.274,1786827422715
24.274,1786827422603
24.274,1786827422491
24.274,1786827422374
24.274,1786827422262
24.238,1786827422140
24.238,1786827422028
24.238,1786827421916
24.238,1786827421799
24.238,1786827421686
24.238,1786827421564
24.238,1786827421452
24.238,1786827421340
24.238,1786827421223
24.238,1786827421111
24.238,1786827420999
24.256,1786827420877
24.256,1786827420765
24.256,1786827420649
24.256,1786827420537
24.256,1786827420424
24.256,1786827420302
24.256,1786827420190
24.256,1786827420073
24.256,1786827419961
24.256,1786827419849
24.22,1786827419727
24.22,1786827419615
24.22,1786827419498
24.22,1786827419386
24.22,1786827419274
24.22,1786827419152
24.22,1786827419040
24.22,1786827418923
24.22,1786827418811
24.22,1786827418699
24.238,1786827418577
24.238,1786827418465
24.238,1786827418350
24.238,1786827418238
24.238,1786827418126
24.238,1786827418002
24.238,1786827417893
24.238,1786827417776
24.238,1786827417664
24.238,1786827417552
24.229,1786827417430
24.229,1786827417318
24.229,1786827417201
24.229,1786827417089
24.229,1786827416977
24.229,1786827416855
24.229,1786827416743
24.229,1786827416626
24.229,1786827416402
24.22,1786827416280
24.22,1786827416168
24.22,1786827416051
24.22,1786827415939
24.22,1786827415827
24.22,1786827415715
24.22,1786827415593
24.22,1786827415366
24.22,1786827415254
24.22,1786827415140
24.256,1786827415023
24.256,1786827414906
24.256,1786827414794
24.256,1786827414682
24.256,1786827414568
24.256,1786827414451
24.256,1786827414334
24.256,1786827414110
24.256,1786827413996
24.229,1786827413876
24.229,1786827413760
24.229,1786827413648
24.229,1786827413536
24.229,1786827413423
24.229,1786827413188
24.229,1786827413076
24.229,1786827412964
24.229,1786827412851
24.229,1786827412733
24.229,1786827412616
24.229,1786827412504
24.229,1786827412393
24.229,1786827412279
24.229,1786827412162
24.229,1786827412045
24.229,1786827411933
24.229,1786827411821
24.229,1786827411707
24.229,1786827411587
24.229,1786827411471
24.229,1786827411359
24.229,1786827411247
24.229,1786827411133
24.229,1786827411023
24.229,1786827410897
24.229,1786827410785
24.229,1786827410673
24.229,1786827410559
24.229,1786827410450
24.31,1786827410211
24.31,1786827410099
24.31,1786827409985
24.31,1786827409875
24.31,1786827409749
24.31,1786827409637
24.31,1786827409525
24.31,1786827409301
24.274,1786827409063
24.274,1786827408951
24.274,1786827408837
24.274,1786827408727
24.274,1786827408489
24.274,1786827408377
24.274,1786827408263
24.274,1786827408153
24.229,1786827408027
24.229,1786827407915
24.229,1786827407803
24.229,1786827407689
24.229,1786827407453
24.229,1786827407341
24.229,1786827407229
24.229,1786827407115
24.229,1786827406879
24.229,1786827406767
24.229,1786827406655
24.229,1786827406541
24.229,1786827406433
24.229,1786827406306
24.229,1786827406082
24.229,1786827405970
24.229,1786827405858
24.229,1786827405744
24.238,1786827405622
24.238,1786827405510
24.238,1786827405396
24.238,1786827405289
24.238,1786827405172
24.238,1786827405051
24.238,1786827404824
24.238,1786827404717
24.238,1786827404601
24.229,1786827404478
24.229,1786827404366
24.229,1786827404254
24.229,1786827404142
24.229,1786827404027
24.229,1786827403905
24.229,1786827403793
24.229,1786827403681
24.229,1786827403569
24.229,1786827403454
24.22,1786827403332
24.22,1786827403220
24.22,1786827403108
24.22,1786827402996
24.22,1786827402880
24.22,1786827402758
24.22,1786827402646
24.22,1786827402534
24.22,1786827402422
24.22,1786827402306
24.265,1786827402184
24.265,1786827402072
24.265,1786827401960
24.265,1786827401610
24.265,1786827401498
24.265,1786827401386
24.265,1786827401274
24.265,1786827401158
24.265,1786827401036
24.265,1786827400924
24.265,1786827400812
24.265,1786827400700
24.265,1786827400584
24.265,1786827400472
24.265,1786827400350
24.265,1786827400238
24.265,1786827400126
24.265,1786827400010
24.265,1786827399897
24.238,1786827399775
24.238,1786827399663
24.238,1786827399551
24.238,1786827399325
24.238,1786827399203
24.238,1786827399091
24.238,1786827398979
24.238,1786827398752
24.229,1786827398630
24.229,1786827398518
24.229,1786827398406
24.229,1786827398178
24.229,1786827397944
24.229,1786827397832
24.229,1786827397604
24.185,1786827397482
24.185,1786827397370
24.185,1786827397258
24.185,1786827397142
24.185,1786827397030
24.185,1786827396908
24.185,1786827396794
24.185,1786827396687
24.185,1786827396570
24.185,1786827396458
24.202,1786827396336
24.202,1786827396115
24.202,1786827395998
24.202,1786827395886
24.202,1786827395764
24.202,1786827395650
24.202,1786827395540
24.202,1786827395424
24.202,1786827395311
24.202,1786827395199
24.283,1786827395076
24.283,1786827394849
24.283,1786827394737
24.283,1786827394390
24.283,1786827394274
24.283,1786827394051
24.193,1786827393817
24.193,1786827393701
24.193,1786827393589
24.193,1786827393477
24.193,1786827393355
24.193,1786827393239
24.193,1786827393127
24.193,1786827393015
24.193,1786827392781
24.193,1786827392669
24.193,1786827392557
24.193,1786827392445
24.193,1786827392333
24.193,1786827392211
24.193,1786827392094
24.193,1786827391982
24.193,1786827391870
24.193,1786827391758
24.274,1786827391636
24.274,1786827391520
24.274,1786827391408
24.274,1786827391296
24.274,1786827391184
24.274,1786827391062
24.274,1786827390946
24.274,1786827390834
24.274,1786827390722
24.274,1786827390610
24.229,1786827390488
24.229,1786827390372
24.229,1786827390260
24.229,1786827390147
24.229,1786827390036
24.229,1786827389797
24.229,1786827389686
24.229,1786827389573
24.229,1786827389461
24.346,1786827389222
24.346,1786827389110
24.346,1786827388998
24.346,1786827388886
24.346,1786827388650
24.346,1786827388538
24.346,1786827388426
24.346,1786827388314
24.346,1786827388202
24.238,1786827388076
24.238,1786827387852
24.238,1786827387740
24.238,1786827387628
24.238,1786827387278
24.238,1786827387166
24.238,1786827387054
24.238,1786827386928
24.238,1786827386816
24.238,1786827386704
24.238,1786827386592
24.238,1786827386480
24.238,1786827386353
24.238,1786827386241
24.238,1786827386129
24.238,1786827386017
24.238,1786827385905
24.274,1786827385780
24.274,1786827385668
24.274,1786827385556
24.274,1786827385444
24.274,1786827385332
24.274,1786827385205
24.274,1786827385093
24.274,1786827384981
24.274,1786827384869
24.274,1786827384757
24.274,1786827384640
24.31,1786827384518
24.31,1786827384406
24.31,1786827384294
24.31,1786827384182
24.31,1786827384064
24.31,1786827383942
24.31,1786827383716
24.31,1786827383607
24.229,1786827383368
24.229,1786827383256
24.229,1786827383142
24.229,1786827383032
24.229,1786827382793
24.229,1786827382681
24.229,1786827382567
24.229,1786827382458
24.229,1786827382341
24.265,1786827382219
24.265,1786827382107
24.265,1786827381993
24.265,1786827381882
24.265,1786827381644
24.265,1786827381419
24.265,1786827381308
24.274,1786827381070
24.274,1786827380845
24.274,1786827380734
24.274,1786827380619
24.274,1786827380497
24.274,1786827380385
24.274,1786827380273
24.274,1786827380156
24.274,1786827380044
24.247,1786827379922
24.247,1786827379810
24.247,1786827379698
24.247,1786827379581
24.247,1786827379357
24.247,1786827379235
24.247,1786827379123
24.247,1786827379006
24.247,1786827378781
24.274,1786827378547
24.274,1786827378430
24.274,1786827378206
24.274,1786827378084
24.274,1786827377972
24.274,1786827377855
24.274,1786827377631
24.274,1786827377509
24.274,1786827377397
24.274,1786827377280
24.274,1786827377056
24.274,1786827376822
24.274,1786827376705
24.274,1786827376481
24.247,1786827376359
24.247,1786827376247
24.247,1786827376130
24.247,1786827376018
24.247,1786827375906
24.247,1786827375784
24.247,1786827375672
24.247,1786827375555
24.247,1786827375443
24.247,1786827375331
24.265,1786827375209
24.265,1786827375097
24.265,1786827374980
24.265,1786827374756
24.265,1786827374634
24.265,1786827374522
24.265,1786827374407
24.265,1786827374295
24.265,1786827374183
24.265,1786827374071
24.193,1786827373949
24.193,1786827373832
24.193,1786827373720
24.193,1786827373608
24.193,1786827373495
24.193,1786827373373
24.193,1786827373256
24.193,1786827373143
24.193,1786827373031
24.193,1786827372919
24.193,1786827372797
24.193,1786827372685
24.193,1786827372573
24.193,1786827372349
24.193,1786827372112
24.193,1786827372000
24.193,1786827371777
24.193,1786827371655
24.193,1786827371538
24.193,1786827371426
24.193,1786827371314
24.193,1786827371202
24.193,1786827371080
24.193,1786827370963
24.193,1786827370850
24.193,1786827370738
24.193,1786827370626
24.211,1786827370504
24.211,1786827370387
24.211,1786827370275
24.211,1786827370163
24.211,1786827370051
24.211,1786827369929
24.211,1786827369812
24.211,1786827369700
24.211,1786827369588
24.211,1786827369476
24.265,1786827369353
24.265,1786827369236
24.265,1786827369124
24.265,1786827369012
24.265,1786827368900
24.265,1786827368788
24.265,1786827368661
24.265,1786827368549
24.265,1786827368437
24.265,1786827368212
24.346,1786827368086
24.346,1786827367974
24.346,1786827367862
24.346,1786827367750
24.346,1786827367638
24.346,1786827367511
24.346,1786827367399
24.346,1786827367287
24.346,1786827367175
24.346,1786827367063
24.247,1786827366825
24.247,1786827366713
24.247,1786827366601
24.247,1786827366489
24.247,1786827366366
24.247,1786827366254
24.247,1786827366142
24.247,1786827366030
24.247,1786827365918
24.274,1786827365791
24.274,1786827365679
24.274,1786827365567
24.274,1786827365455
24.274,1786827365343
24.274,1786827365216
24.274,1786827365104
24.274,1786827364992
24.274,1786827364880
24.265,1786827364640
24.265,1786827364528
24.265,1786827364416
24.265,1786827364304
24.265,1786827364192
24.265,1786827364066
24.265,1786827363954
24.265,1786827363842
24.265,1786827363730
24.265,1786827363618
24.265,1786827363501
24.256,1786827363379
24.256,1786827363267
24.256,1786827363155
24.256,1786827362926
24.256,1786827362804
24.256,1786827362692
24.256,1786827362580
24.256,1786827362468
24.256,1786827362352
24.256,1786827362230
24.256,1786827362117
24.256,1786827362003
24.256,1786827361893
24.256,1786827361777
24.256,1786827361655
24.256,1786827361543
24.256,1786827361429
24.256,1786827361319
24.256,1786827361203
24.265,1786827361081
24.265,1786827360969
24.265,1786827360857
24.265,1786827360745
24.265,1786827360628
24.265,1786827360506
24.265,1786827360394
24.265,1786827360282
24.265,1786827360165
24.265,1786827360053
24.265,1786827359931
24.265,1786827359819
24.265,1786827359707
24.265,1786827359590
24.265,1786827359478
24.265,1786827359356
24.265,1786827359132
24.265,1786827359020
24.265,1786827358903
24.265,1786827358781
24.265,1786827358669
24.265,1786827358557
24.265,1786827358440
24.265,1786827358328
24.265,1786827358216
24.265,1786827358094
24.265,1786827357982
24.265,1786827357865
24.265,1786827357753
24.265,1786827357640
24.265,1786827357518
24.265,1786827357406
24.265,1786827357289
24.265,1786827357177
24.265,1786827357065
24.265,1786827356943
24.265,1786827356831
24.265,1786827356719
24.265,1786827356602
24.265,1786827356490
24.229,1786827356368
24.229,1786827356256
24.229,1786827356139
24.229,1786827356027
24.229,1786827355915
24.229,1786827355793
24.229,1786827355681
24.229,1786827355452
24.229,1786827355340
24.256,1786827355218
24.256,1786827355106
24.256,1786827354989
24.256,1786827354877
24.256,1786827354765
24.256,1786827354643
24.256,1786827354531
24.256,1786827354414
24.256,1786827354302
24.256,1786827354189
24.283,1786827354067
24.283,1786827353955
24.283,1786827353839
24.283,1786827353726
24.283,1786827353614
24.283,1786827353493
24.283,1786827353381
24.283,1786827353265
24.283,1786827353153
24.283,1786827352929
24.193,1786827352807
24.193,1786827352690
24.193,1786827352466
24.193,1786827352354
24.193,1786827352232
24.193,1786827352116
24.193,1786827351892
24.193,1786827351780
24.346,1786827351658
24.346,1786827351543
24.346,1786827351431
24.346,1786827351319
24.346,1786827350968
24.346,1786827350856
24.346,1786827350744
24.238,1786827350394
24.238,1786827350282
24.238,1786827350058
24.238,1786827349819
24.238,1786827349707
24.238,1786827349483
24.247,1786827349361
24.247,1786827349246
24.247,1786827349134
24.247,1786827349022
24.247,1786827348908
24.247,1786827348789
24.247,1786827348671
24.247,1786827348560
24.247,1786827348447
24.247,1786827348335
24.283,1786827348213
24.283,1786827348096
24.283,1786827347872
24.283,1786827347760
24.283,1786827347648
24.283,1786827347521
24.283,1786827347409
24.283,1786827347297
24.283,1786827347185
24.283,1786827347072
24.229,1786827346945
24.229,1786827346833
24.229,1786827346720
24.229,1786827346609
24.229,1786827346496
24.229,1786827346369
24.229,1786827346257
24.229,1786827346145
24.229,1786827346033
24.229,1786827345921
24.256,1786827345795
24.256,1786827345683
24.256,1786827345571
24.256,1786827345459
24.256,1786827345347
24.256,1786827345220
24.256,1786827345109
24.256,1786827344997
24.256,1786827344773
24.229,1786827344647
24.229,1786827344535
24.229,1786827344423
24.229,1786827344311
24.229,1786827344199
24.229,1786827344072
24.229,1786827343960
24.229,1786827343848
24.229,1786827343734
24.229,1786827343624
24.265,1786827343498
24.265,1786827343274
24.265,1786827343160
24.265,1786827343050
24.265,1786827342924
24.265,1786827342700
24.265,1786827342588
24.265,1786827342471
24.265,1786827342359
24.265,1786827342237
24.265,1786827342125
24.265,1786827342013
24.265,1786827341902
24.265,1786827341784
24.265,1786827341550
24.265,1786827341436
24.265,1786827341326
24.265,1786827341210
24.283,1786827341088
24.283,1786827340976
24.283,1786827340864
24.283,1786827340747
24.283,1786827340635
24.283,1786827340513
24.283,1786827340400
24.283,1786827340287
24.283,1786827340171
24.283,1786827340059
24.301,1786827339937
24.301,1786827339825
24.301,1786827339713
24.301,1786827339601
24.301,1786827339362
24.301,1786827339251
24.301,1786827339136
24.301,1786827339026
24.247,1786827338788
24.247,1786827338676
24.247,1786827338562
24.247,1786827338454
24.247,1786827338337
24.247,1786827338215
24.247,1786827338103
24.247,1786827337989
24.247,1786827337881
24.247,1786827337764
24.256,1786827337642
24.256,1786827337530
24.256,1786827337416
24.256,1786827337306
24.256,1786827337190
24.256,1786827337078
24.256,1786827336842
24.256,1786827336732
24.256,1786827336616
24.256,1786827336504
24.31,1786827336382
24.31,1786827336270
24.31,1786827336158
24.31,1786827336041
24.31,1786827335929
24.31,1786827335807
24.31,1786827335693
24.31,1786827335583
24.31,1786827335467
24.31,1786827335355
24.265,1786827335119
24.265,1786827335009
24.265,1786827334893
24.265,1786827334781
24.265,1786827334659
24.265,1786827334547
24.265,1786827334435
24.265,1786827334318
24.265,1786827334206
24.229,1786827334084
24.229,1786827333972
24.229,1786827333855
24.229,1786827333743
24.229,1786827333631
24.229,1786827333509
24.229,1786827333397
24.229,1786827333279
24.229,1786827333167
24.229,1786827333055
24.283,1786827332821
24.283,1786827332704
24.283,1786827332480
24.283,1786827332358
24.283,1786827332246
24.283,1786827332129
24.283,1786827332017
24.283,1786827331793
24.229,1786827331672
24.229,1786827331555
24.229,1786827331443
24.229,1786827331331
24.229,1786827331219
24.229,1786827331097
24.229,1786827330980
24.229,1786827330868
24.229,1786827330756
24.229,1786827330644
24.265,1786827330522
24.265,1786827330405
24.265,1786827330293
24.265,1786827330181
24.265,1786827330069
24.265,1786827329947
24.265,1786827329831
24.265,1786827329719
24.265,1786827329607
24.265,1786827329495
24.256,1786827329373
24.256,1786827329257
24.256,1786827329145
24.256,1786827329032
24.256,1786827328918
24.256,1786827328684
24.256,1786827328572
24.256,1786827328346
24.229,1786827328229
24.229,1786827328112
24.229,1786827327888
24.229,1786827327774
24.229,1786827327654
24.229,1786827327538
24.229,1786827327426
24.229,1786827327314
24.229,1786827327202
24.229,1786827327091
24.229,1786827326851
24.229,1786827326739
24.229,1786827326625
24.229,1786827326515
24.229,1786827326388
24.229,1786827326276
24.229,1786827326164
24.229,1786827326051
24.229,1786827325941
24.265,1786827325815
24.265,1786827325704
24.265,1786827325592
24.265,1786827325365
24.265,1786827325243
24.265,1786827325131
24.265,1786827325019
24.265,1786827324907
24.265,1786827324795
24.319,1786827324669
24.319,1786827324557
24.319,1786827324446
24.319,1786827324334
24.319,1786827324218
24.319,1786827324095
24.319,1786827323983
24.319,1786827323871
24.319,1786827323759
24.319,1786827323642
24.193,1786827323520
24.193,1786827323408
24.193,1786827323296
24.193,1786827323069
24.193,1786827322947
24.193,1786827322835
24.193,1786827322723
24.193,1786827322610
24.193,1786827322494
24.328,1786827322260
24.328,1786827322148
24.328,1786827322036
24.328,1786827321920
24.328,1786827321808
24.328,1786827321686
24.328,1786827321574
24.328,1786827321462
24.328,1786827321346
24.328,1786827321233
24.31,1786827321108
24.31,1786827320996
24.31,1786827320884
24.31,1786827320768
24.31,1786827320656
24.31,1786827320534
24.31,1786827320422
24.31,1786827320310
24.31,1786827320194
24.31,1786827320082
24.265,1786827319960
24.265,1786827319847
24.265,1786827319735
24.265,1786827319619
24.265,1786827319507
24.265,1786827319384
24.265,1786827319272
24.265,1786827319160
24.265,1786827319044
24.265,1786827318932
24.229,1786827318810
24.229,1786827318698
24.229,1786827318470
24.229,1786827318358
24.229,1786827318236
24.229,1786827318124
24.229,1786827318012
24.229,1786827317896
24.229,1786827317784
24.283,1786827317549
24.283,1786827317437
24.283,1786827317210
24.283,1786827316976
24.283,1786827316864
24.283,1786827316636
24.283,1786827316523
24.256,1786827316401
24.256,1786827316289
24.256,1786827316061
24.256,1786827315948
24.256,1786827315826
24.256,1786827315714
24.256,1786827315600
24.256,1786827315487
24.256,1786827315375
24.256,1786827315253
24.256,1786827315141
24.256,1786827314914
24.256,1786827314802
24.256,1786827314680
24.256,1786827314568
24.256,1786827314453
24.256,1786827314341
24.256,1786827314229
24.31,1786827313995
24.31,1786827313879
24.31,1786827313655
24.31,1786827313533
24.31,1786827313421
24.31,1786827313304
24.31,1786827313192
24.31,1786827313080
24.265,1786827312847
24.265,1786827312730
24.265,1786827312618
24.265,1786827312506
24.265,1786827312382
24.265,1786827312272
24.265,1786827312156
24.265,1786827312044
24.265,1786827311932
24.292,1786827311808
24.292,1786827311699
24.292,1786827311582
24.292,1786827311244
24.292,1786827311127
24.292,1786827311010
24.292,1786827310898
24.292,1786827310673
24.265,1786827310550
24.265,1786827310434
24.265,1786827310322
24.265,1786827310210
24.265,1786827310098
24.265,1786827309976
24.265,1786827309860
24.265,1786827309748
24.265,1786827309636
24.265,1786827309524
24.274,1786827309402
24.274,1786827309285
24.274,1786827309173
24.274,1786827309061
24.274,1786827308949
24.274,1786827308710
24.274,1786827308598
24.274,1786827308486
24.274,1786827308374
24.346,1786827308247
24.346,1786827308135
24.346,1786827308023
24.346,1786827307911
24.346,1786827307561
24.346,1786827307449
24.346,1786827307337
24.346,1786827307226
24.283,1786827306986
24.283,1786827306875
24.283,1786827306763
24.283,1786827306651
24.283,1786827306412
24.283,1786827306300
24.283,1786827306188
24.283,1786827305960
24.292,1786827305838
24.292,1786827305726
24.292,1786827305614
24.292,1786827305502
24.292,1786827305264
24.292,1786827305152
24.292,1786827305040
24.292,1786827304811
24.346,1786827304689
24.346,1786827304577
24.346,1786827304465
24.346,1786827304235
24.346,1786827304114
24.346,1786827304001
24.346,1786827303889
24.346,1786827303665
24.256,1786827303431
24.256,1786827303319
24.256,1786827303207
24.256,1786827303090
24.256,1786827302856
24.256,1786827302744
24.256,1786827302632
24.256,1786827302516
24.256,1786827302394
24.256,1786827302282
24.256,1786827302170
24.256,1786827302058
24.256,1786827301945
24.256,1786827301823
24.256,1786827301599
24.256,1786827301487
24.346,1786827301250
24.346,1786827301026
24.346,1786827300914
24.346,1786827300685
24.346,1786827300563
24.346,1786827300451
24.346,1786827300339
24.346,1786827300110
24.301,1786827299876
24.301,1786827299764
24.301,1786827299538
24.301,1786827299416
24.301,1786827299304
24.301,1786827299192
24.301,1786827299076
24.301,1786827298964
24.274,1786827298842
24.274,1786827298730
24.274,1786827298618
24.274,1786827298503
24.274,1786827298391
24.274,1786827298270
24.274,1786827298157
24.274,1786827298046
24.274,1786827297929
24.301,1786827297695
24.301,1786827297583
24.301,1786827297471
24.301,1786827297354
24.301,1786827297120
24.301,1786827297009
24.301,1786827296897
24.301,1786827296669
24.337,1786827296434
24.337,1786827296323
24.337,1786827296206
24.337,1786827296094
24.337,1786827295972
24.337,1786827295860
24.337,1786827295748
24.337,1786827295633
24.337,1786827295521
24.337,1786827295409
24.193,1786827295287
24.193,1786827295059
24.193,1786827294947
24.193,1786827294834
24.193,1786827294484
24.193,1786827294371
24.319,1786827294135
24.319,1786827294026
24.319,1786827293797
24.319,1786827293335
24.319,1786827293223
24.319,1786827293111
24.31,1786827292989
24.31,1786827292877
24.31,1786827292761
24.31,1786827292649
24.31,1786827292537
24.31,1786827292413
24.31,1786827292304
24.31,1786827292187
24.31,1786827292075
24.31,1786827291963
24.274,1786827291841
24.274,1786827291729
24.274,1786827291612
24.274,1786827291500
24.274,1786827291388
24.274,1786827291266
24.274,1786827291154
24.274,1786827291037
24.274,1786827290925
24.274,1786827290813
24.283,1786827290691
24.283,1786827290579
24.283,1786827290467
24.283,1786827290355
24.283,1786827290243
24.283,1786827290009
24.283,1786827289893
24.283,1786827289781
24.283,1786827289669
24.31,1786827289434
24.31,1786827289322
24.31,1786827289098
24.31,1786827288986
24.31,1786827288864
24.31,1786827288748
24.31,1786827288636
24.31,1786827288524
24.31,1786827288411
24.274,1786827288294
24.274,1786827288177
24.274,1786827288065
24.274,1786827287953
24.274,1786827287839
24.274,1786827287719
24.274,1786827287603
24.274,1786827287379
24.274,1786827287265
24.274,1786827287145
24.274,1786827287029
24.274,1786827286806
24.274,1786827286694
24.274,1786827286572
24.274,1786827286455
24.274,1786827286343
24.274,1786827286231
24.274,1786827286117
24.292,1786827285997
24.292,1786827285881
24.292,1786827285769
24.292,1786827285657
24.292,1786827285545
24.292,1786827285418
24.292,1786827285306
24.292,1786827285194
24.292,1786827285081
24.292,1786827284969
24.292,1786827284852
24.31,1786827284730
24.31,1786827284618
24.31,1786827284505
24.31,1786827284393
24.31,1786827284275
24.31,1786827284153
24.31,1786827284041
24.31,1786827283929
24.31,1786827283816
24.31,1786827283706
24.31,1786827283580
24.31,1786827283468
24.31,1786827283356
24.31,1786827283243
24.31,1786827283133
24.31,1786827283006
24.31,1786827282894
24.31,1786827282668
24.31,1786827282558
24.328,1786827282432
24.328,1786827282320
24.328,1786827282208
24.328,1786827282096
24.328,1786827281984
24.328,1786827281857
24.328,1786827281744
24.328,1786827281632
24.328,1786827281408
24.292,1786827281281
24.292,1786827281168
24.292,1786827280944
24.292,1786827280826
24.292,1786827280704
24.292,1786827280592
24.292,1786827280367
24.292,1786827280250
24.265,1786827280128
24.265,1786827280016
24.265,1786827279793
24.265,1786827279676
24.265,1786827279443
24.265,1786827279220
24.265,1786827279103
24.382,1786827278868
24.382,1786827278756
24.382,1786827278644
24.382,1786827278526
24.382,1786827278414
24.382,1786827278292
24.382,1786827278180
24.382,1786827278068
24.382,1786827277951
24.382,1786827277839
24.382,1786827277717
24.382,1786827277605
24.382,1786827277493
24.382,1786827277376
24.382,1786827277264
24.382,1786827277030
24.382,1786827276918
24.382,1786827276801
24.382,1786827276689
24.319,1786827276567
24.319,1786827276455
24.319,1786827276343
24.319,1786827275991
24.319,1786827275878
24.319,1786827275766
24.319,1786827275649
24.319,1786827275537
24.301,1786827275415
24.301,1786827275303
24.301,1786827275191
24.301,1786827275074
24.301,1786827274962
24.301,1786827274840
24.301,1786827274728
24.301,1786827274616
24.301,1786827274499
24.301,1786827274275
24.292,1786827274153
24.292,1786827274041
24.292,1786827273924
24.292,1786827273812
24.292,1786827273577
24.292,1786827273464
24.292,1786827273348
24.292,1786827273236
24.292,1786827273124
24.346,1786827273002
24.346,1786827272891
24.346,1786827272775
24.346,1786827272663
24.346,1786827272551
24.346,1786827272427
24.346,1786827272321
24.346,1786827272204
24.346,1786827272092
24.346,1786827271980
24.346,1786827271856
24.346,1786827271630
24.346,1786827271518
24.346,1786827271406
24.346,1786827271284
24.346,1786827271172
24.346,1786827271055
24.346,1786827270943
24.346,1786827270831
24.292,1786827270709
24.292,1786827270597
24.292,1786827270480
24.292,1786827270369
24.292,1786827270257
24.292,1786827270135
24.292,1786827270018
24.292,1786827269906
24.292,1786827269794
24.292,1786827269682
24.265,1786827269560
24.265,1786827269443
24.265,1786827269331
24.265,1786827269219
24.265,1786827269107
24.265,1786827268995
24.265,1786827268867
24.265,1786827268755
24.265,1786827268643
24.265,1786827268531
24.265,1786827268419
24.301,1786827268180
24.301,1786827268068
24.301,1786827267956
24.301,1786827267844
24.301,1786827267605
24.301,1786827267493
24.301,1786827267381
24.301,1786827267269
24.319,1786827267031
24.319,1786827266919
24.319,1786827266807
24.319,1786827266695
24.319,1786827266455
24.319,1786827266343
24.319,1786827266231
24.319,1786827266119
24.346,1786827265880
24.346,1786827265768
24.346,1786827265656
24.346,1786827265544
24.346,1786827265305
24.346,1786827265193
24.346,1786827265081
24.346,1786827264969
24.364,1786827264730
24.364,1786827264618
24.364,1786827264506
24.364,1786827264393
24.364,1786827264268
24.364,1786827264156
24.364,1786827264044
24.364,1786827263932
24.364,1786827263704
24.346,1786827263582
24.346,1786827263470
24.346,1786827263358
24.346,1786827263246
24.346,1786827263006
24.346,1786827262894
24.346,1786827262780
24.346,1786827262674
24.346,1786827262557
24.301,1786827262436
24.301,1786827262324
24.301,1786827262210
24.301,1786827262100
24.301,1786827261984
24.301,1786827261862
24.301,1786827261751
24.301,1786827261637
24.301,1786827261527
24.301,1786827261412
24.328,1786827261290
24.328,1786827261178
24.328,1786827261064
24.328,1786827260958
24.328,1786827260841
24.328,1786827260719
24.328,1786827260493
24.328,1786827260387
24.328,1786827260270
24.364,1786827260148
24.364,1786827260036
24.364,1786827259922
24.364,1786827259816
24.364,1786827259699
24.364,1786827259577
24.364,1786827259465
24.364,1786827259241
24.364,1786827259125
24.328,1786827259003
24.328,1786827258891
24.328,1786827258779
24.328,1786827258667
24.328,1786827258550
24.328,1786827258438
24.328,1786827258315
24.328,1786827258201
24.328,1786827258091
24.328,1786827257862
24.319,1786827257740
24.319,1786827257515
24.319,1786827257399
24.319,1786827257287
24.319,1786827257165
24.319,1786827257053
24.319,1786827256937
24.319,1786827256825
24.319,1786827256713
24.301,1786827256590
24.301,1786827256478
24.301,1786827256361
24.301,1786827256250
24.301,1786827256137
24.301,1786827256016
24.301,1786827255903
24.301,1786827255786
24.301,1786827255674
24.301,1786827255562
24.301,1786827255329
24.301,1786827255212
24.301,1786827255100
24.301,1786827254988
24.301,1786827254866
24.301,1786827254754
24.301,1786827254638
24.301,1786827254526
24.301,1786827254414
24.301,1786827254292
24.301,1786827254180
24.301,1786827254068
24.301,1786827253956
24.301,1786827253844
24.301,1786827253720
24.301,1786827253611
24.301,1786827253494
24.301,1786827253270
24.301,1786827253156
24.31,1786827253036
24.31,1786827252920
24.31,1786827252696
24.31,1786827252583
24.31,1786827252461
24.31,1786827252345
24.31,1786827252233
24.31,1786827252121
24.31,1786827252007
24.31,1786827251883
24.31,1786827251771
24.31,1786827251659
24.31,1786827251547
24.31,1786827251435
24.31,1786827251309
24.31,1786827251196
24.31,1786827251084
24.31,1786827250973
24.31,1786827250861
24.337,1786827250736
24.337,1786827250624
24.337,1786827250512
24.337,1786827250400
24.337,1786827250162
24.337,1786827250050
24.337,1786827249826
24.337,1786827249714
24.355,1786827249477
24.355,1786827249365
24.355,1786827249253
24.355,1786827249141
24.355,1786827249015
24.355,1786827248903
24.355,1786827248791
24.355,1786827248679
24.436,1786827248221
24.436,1786827248109
24.436,1786827247997
24.436,1786827247881
24.436,1786827247759
24.436,1786827247647
24.436,1786827247535
24.436,1786827247423
24.436,1786827247305
24.364,1786827247071
24.364,1786827246959
24.364,1786827246847
24.364,1786827246731
24.364,1786827246497
24.364,1786827246385
24.364,1786827246273
24.364,1786827246158
24.391,1786827245924
24.391,1786827245810
24.391,1786827245703
24.391,1786827245586
24.391,1786827245464
24.391,1786827245352
24.391,1786827245238
24.391,1786827245014
24.382,1786827244892
24.382,1786827244780
24.382,1786827244666
24.382,1786827244556
24.382,1786827244440
24.382,1786827244318
24.382,1786827244206
24.382,1786827243982
24.382,1786827243866
24.436,1786827243743
24.436,1786827243630
24.436,1786827243518
24.436,1786827243402
24.436,1786827243290
24.436,1786827243168
24.436,1786827243056
24.436,1786827242944
24.436,1786827242833
24.436,1786827242716
24.436,1786827242604
24.364,1786827242482
24.364,1786827242370
24.364,1786827242254
24.364,1786827242142
24.364,1786827242030
24.364,1786827241907
24.364,1786827241795
24.364,1786827241679
24.364,1786827241567
24.364,1786827241455
24.328,1786827241333
24.328,1786827241221
24.328,1786827241105
24.328,1786827240993
24.328,1786827240881
24.328,1786827240759
24.328,1786827240647
24.328,1786827240532
24.328,1786827240308
24.319,1786827240074
24.319,1786827239959
24.319,1786827239847
24.319,1786827239735
24.319,1786827239613
24.319,1786827239501
24.319,1786827239386
24.319,1786827239274
24.319,1786827239162
24.346,1786827239040
24.346,1786827238928
24.346,1786827238816
24.346,1786827238704
24.346,1786827238592
24.346,1786827238470
24.346,1786827238358
24.346,1786827238242
24.346,1786827238130
24.346,1786827238018
24.355,1786827237896
24.355,1786827237784
24.355,1786827237668
24.355,1786827237556
24.355,1786827237444
24.355,1786827237330
24.355,1786827237212
24.355,1786827237095
24.355,1786827236983
24.355,1786827236871
24.355,1786827236759
24.382,1786827236636
24.382,1786827236520
24.382,1786827236407
24.382,1786827236295
24.382,1786827236182
24.382,1786827236061
24.382,1786827235945
24.382,1786827235833
24.382,1786827235721
24.382,1786827235608
24.328,1786827235487
24.328,1786827235371
24.328,1786827235259
24.328,1786827235147
24.328,1786827234908
24.328,1786827234796
24.328,1786827234684
24.328,1786827234573
24.328,1786827234461
24.4,1786827234334
24.4,1786827234222
24.4,1786827234110
24.4,1786827233998
24.4,1786827233886
24.4,1786827233759
24.4,1786827233535
24.4,1786827233423
24.4,1786827233311
24.346,1786827233184
24.346,1786827232960
24.346,1786827232848
24.346,1786827232736
24.346,1786827232610
24.346,1786827232386
24.346,1786827232274
24.346,1786827232162
24.346,1786827232047
24.346,1786827231925
24.346,1786827231813
24.346,1786827231699
24.346,1786827231589
24.346,1786827231472
24.346,1786827231238
24.346,1786827231124
24.346,1786827231014
24.346,1786827230898
24.373,1786827230776
24.373,1786827230664
24.373,1786827230552
24.373,1786827230435
24.373,1786827230323
24.373,1786827230201
24.373,1786827230089
24.373,1786827229977
24.373,1786827229748
24.346,1786827229626
24.346,1786827229514
24.346,1786827229402
24.346,1786827229173
24.346,1786827229051
24.346,1786827228939
24.346,1786827228827
24.346,1786827228711
24.346,1786827228599
24.382,1786827228477
24.382,1786827228365
24.382,1786827228252
24.382,1786827228136
24.382,1786827228024
24.382,1786827227790
24.382,1786827227677
24.382,1786827227448
24.337,1786827227326
24.337,1786827227214
24.337,1786827227102
24.337,1786827226986
24.337,1786827226874
24.337,1786827226762
24.337,1786827226641
24.337,1786827226529
24.337,1786827226412
24.337,1786827226300
24.364,1786827226063
24.364,1786827225953
24.364,1786827225837
24.364,1786827225725
24.364,1786827225613
24.364,1786827225489
24.364,1786827225384
24.364,1786827225267
24.364,1786827225043
24.355,1786827224919
24.355,1786827224814
24.355,1786827224697
24.355,1786827224585
24.355,1786827224473
24.355,1786827224349
24.355,1786827224123
24.355,1786827223777
24.355,1786827223660
24.355,1786827223548
24.355,1786827223436
24.355,1786827223324
24.355,1786827223202
24.355,1786827222973
24.355,1786827222861
24.355,1786827222749
24.346,1786827222510
24.346,1786827222398
24.346,1786827222286
24.346,1786827222174
24.346,1786827222052
24.346,1786827221935
24.346,1786827221823
24.346,1786827221711
24.346,1786827221599
24.346,1786827221487
24.364,1786827221360
24.364,1786827221248
24.364,1786827221136
24.364,1786827221024
24.364,1786827220911
24.364,1786827220785
24.364,1786827220673
24.364,1786827220561
24.364,1786827220449
24.436,1786827220210
24.436,1786827220098
24.436,1786827219985
24.436,1786827219872
24.436,1786827219762
24.436,1786827219635
24.436,1786827219523
24.436,1786827219411
24.436,1786827219298
24.436,1786827219186
24.436,1786827219061
24.436,1786827218836
24.436,1786827218723
24.436,1786827218612
24.436,1786827218263
24.436,1786827218149
24.436,1786827218039
24.355,1786827217913
24.355,1786827217801
24.355,1786827217689
24.355,1786827217577
24.355,1786827217460
24.355,1786827217338
24.355,1786827217226
24.355,1786827217114
24.355,1786827217002
24.391,1786827216763
24.391,1786827216651
24.391,1786827216539
24.391,1786827216427
24.391,1786827216310
24.391,1786827216198
24.391,1786827216076
24.391,1786827215964
24.391,1786827215852
24.391,1786827215622
24.382,1786827215500
24.382,1786827215388
24.382,1786827215276
24.382,1786827215164
24.382,1786827215052
24.382,1786827214930
24.382,1786827214706
24.382,1786827214589
24.382,1786827214477
24.409,1786827214355
24.409,1786827214131
24.409,1786827214015
24.409,1786827213781
24.409,1786827213557
24.409,1786827213440
24.382,1786827213206
24.382,1786827212982
24.382,1786827212865
24.382,1786827212631
24.382,1786827212519
24.382,1786827212407
24.382,1786827212290
24.4,1786827212056
24.4,1786827211944
24.4,1786827211832
24.4,1786827211716
24.4,1786827211482
24.4,1786827211258
24.4,1786827211141
24.4,1786827211029
24.4,1786827210917
24.382,1786827210793
24.382,1786827210685
24.382,1786827210568
24.382,1786827210344
24.382,1786827210109
24.382,1786827209993
24.382,1786827209882
24.382,1786827209769
24.337,1786827209645
24.337,1786827209535
24.337,1786827209419
24.337,1786827209307
24.337,1786827209195
24.337,1786827209073
24.337,1786827208961
24.337,1786827208844
24.337,1786827208732
24.337,1786827208620
24.391,1786827208498
24.391,1786827208381
24.391,1786827208269
24.391,1786827208157
24.391,1786827208045
24.391,1786827207923
24.391,1786827207806
24.391,1786827207694
24.391,1786827207582
24.373,1786827207348
24.373,1786827207231
24.373,1786827207119
24.373,1786827207007
24.373,1786827206893
24.373,1786827206774
24.373,1786827206545
24.373,1786827206433
24.373,1786827206319
24.373,1786827206210
24.346,1786827206082
24.346,1786827205970
24.346,1786827205858
24.346,1786827205635
24.346,1786827205508
24.346,1786827205396
24.346,1786827205284
24.346,1786827205060
24.436,1786827204934
24.436,1786827204822
24.436,1786827204710
24.436,1786827204598
24.436,1786827204481
24.436,1786827204247
24.436,1786827204135
24.436,1786827204023
24.436,1786827203906
24.418,1786827203672
24.418,1786827203560
24.418,1786827203448
24.418,1786827203331
24.418,1786827203097
24.418,1786827202985
24.418,1786827202873
24.418,1786827202758
24.418,1786827202523
24.418,1786827202411
24.418,1786827202299
24.418,1786827202182
24.418,1786827201948
24.418,1786827201836
24.418,1786827201724
24.418,1786827201607
24.364,1786827201486
24.364,1786827201374
24.364,1786827201262
24.364,1786827201150
24.364,1786827201035
24.364,1786827200801
24.364,1786827200689
24.364,1786827200577
24.364,1786827200461
24.364,1786827200348
24.4,1786827200226
24.4,1786827200112
24.4,1786827200003
24.4,1786827199886
24.4,1786827199774
24.4,1786827199652
24.4,1786827199540
24.4,1786827199428
24.4,1786827199204
24.418,1786827199082
24.418,1786827198968
24.418,1786827198858
24.418,1786827198630
24.418,1786827198508
24.418,1786827198394
24.418,1786827198284
24.418,1786827198056
24.571,1786827197822
24.571,1786827197710
24.571,1786827197481
24.571,1786827197359
24.571,1786827197245
24.571,1786827197135
24.571,1786827197019
24.571,1786827196907
24.715,1786827196785
24.715,1786827196673
24.715,1786827196556
24.715,1786827196332
24.715,1786827196210
24.715,1786827196098
24.715,1786827195981
24.715,1786827195869
24.715,1786827195757
24.715,1786827195645
24.688,1786827195523
24.688,1786827195406
24.688,1786827195294
24.688,1786827195182
24.688,1786827195069
24.688,1786827194947
24.688,1786827194833
24.688,1786827194721
24.688,1786827194609
24.688,1786827194497
24.706,1786827194375
24.706,1786827194258
24.706,1786827194146
24.706,1786827194034
24.706,1786827193920
24.706,1786827193685
24.706,1786827193573
24.706,1786827193347
24.679,1786827193229
24.679,1786827193112
24.679,1786827193000
24.679,1786827192774
24.679,1786827192654
24.679,1786827192537
24.679,1786827192425
24.679,1786827192199
24.715,1786827192079
24.715,1786827191963
24.715,1786827191851
24.715,1786827191739
24.715,1786827191625
24.715,1786827191505
24.715,1786827191389
24.715,1786827191277
24.715,1786827191165
24.715,1786827191053
24.679,1786827190931
24.679,1786827190814
24.679,1786827190702
24.679,1786827190590
24.679,1786827190478
24.679,1786827190366
24.679,1786827190238
24.679,1786827190126
24.679,1786827189902
24.67,1786827189662
24.67,1786827189550
24.67,1786827189326
24.67,1786827189209
24.67,1786827189087
24.67,1786827188976
24.67,1786827188864
24.67,1786827188752
24.67,1786827188635
24.661,1786827188513
24.661,1786827188401
24.661,1786827188289
24.661,1786827188177
24.661,1786827188060
24.661,1786827187938
24.661,1786827187826
24.661,1786827187714
24.661,1786827187602
24.661,1786827187485
24.688,1786827187251
24.688,1786827187139
24.688,1786827187027
24.688,1786827186911
24.688,1786827186789
24.688,1786827186677
24.688,1786827186565
24.688,1786827186453
24.688,1786827186336
24.697,1786827186214
24.697,1786827186102
24.697,1786827185990
24.697,1786827185878
24.697,1786827185761
24.697,1786827185639
24.697,1786827185527
24.697,1786827185415
24.697,1786827185303
24.697,1786827185075
24.697,1786827184953
24.697,1786827184841
24.697,1786827184729
24.697,1786827184612
24.697,1786827184499
24.697,1786827184377
24.697,1786827184154
24.697,1786827184038
24.697,1786827183926
24.661,1786827183804
24.661,1786827183690
24.661,1786827183580
24.661,1786827183464
24.661,1786827183352
24.661,1786827183230
24.661,1786827183116
24.661,1786827182890
24.661,1786827182778
24.688,1786827182656
24.688,1786827182542
24.688,1786827182437
24.688,1786827182320
24.688,1786827182208
24.688,1786827182086
24.688,1786827181972
24.688,1786827181866
24.688,1786827181637
24.625,1786827181515
24.625,1786827181402
24.625,1786827181291
24.625,1786827181176
24.625,1786827181064
24.625,1786827180942
24.625,1786827180828
24.625,1786827180717
24.625,1786827180601
24.625,1786827180490
24.742,1786827180368
24.742,1786827180255
24.742,1786827180144
24.742,1786827180026
24.742,1786827179914
24.742,1786827179802
24.742,1786827179680
24.742,1786827179563
24.742,1786827179451
24.742,1786827179339
24.742,1786827179227
24.742,1786827178990
24.742,1786827178878
24.742,1786827178766
24.742,1786827178535
24.742,1786827178423
24.742,1786827178306
24.742,1786827178194
24.652,1786827177960
24.652,1786827177843
24.652,1786827177731
24.652,1786827177619
24.652,1786827177507
24.652,1786827177385
24.652,1786827177268
24.652,1786827177156
24.652,1786827177044
24.67,1786827176809
24.67,1786827176697
24.67,1786827176585
24.67,1786827176473
24.67,1786827176361
24.67,1786827176239
24.67,1786827176123
24.67,1786827176011
24.67,1786827175899
24.67,1786827175785
24.778,1786827175666
24.778,1786827175549
24.778,1786827175437
24.778,1786827175325
24.778,1786827175211
24.778,1786827175104
24.778,1786827174977
24.778,1786827174865
24.778,1786827174753
24.778,1786827174639
24.778,1786827174529
24.652,1786827174402
24.652,1786827174290
24.652,1786827174178
24.652,1786827174066
24.652,1786827173954
24.652,1786827173827
24.652,1786827173715
24.652,1786827173603
24.652,1786827173491
24.652,1786827173375
24.652,1786827173253
24.652,1786827173141
24.652,1786827172918
24.652,1786827172802
24.652,1786827172680
24.652,1786827172568
24.652,1786827172344
24.652,1786827172228
24.67,1786827171994
24.67,1786827171770
24.67,1786827171654
24.67,1786827171532
24.67,1786827171420
24.67,1786827171196
24.67,1786827171080
24.706,1786827170958
24.706,1786827170846
24.706,1786827170734
24.706,1786827170508
24.706,1786827170386
24.706,1786827170274
24.706,1786827170162
24.706,1786827169934
24.706,1786827169822
24.679,1786827169700
24.679,1786827169588
24.679,1786827169476
24.679,1786827169364
24.679,1786827169251
24.679,1786827169129
24.679,1786827169017
24.679,1786827168905
24.679,1786827168678
24.661,1786827168556
24.661,1786827168442
24.661,1786827168332
24.661,1786827168216
24.661,1786827168104
24.661,1786827167982
24.661,1786827167869
24.661,1786827167757
24.661,1786827167528
24.643,1786827167407
24.643,1786827167292
24.643,1786827167182
24.643,1786827166954
24.643,1786827166832
24.643,1786827166718
24.643,1786827166608
24.643,1786827166380
24.706,1786827166258
24.706,1786827166144
24.706,1786827166034
24.706,1786827165918
24.706,1786827165806
24.706,1786827165684
24.706,1786827165572
24.706,1786827165456
24.706,1786827165344
24.706,1786827165232
24.661,1786827165110
24.661,1786827164882
24.661,1786827164770
24.661,1786827164546
24.661,1786827164307
24.661,1786827164195
24.661,1786827163971
24.652,1786827163849
24.652,1786827163735
24.652,1786827163623
24.652,1786827163511
24.652,1786827163399
24.652,1786827163277
24.652,1786827163161
24.652,1786827163049
24.652,1786827162937
24.679,1786827162703
24.679,1786827162587
24.679,1786827162475
24.679,1786827162363
24.679,1786827162130
24.679,1786827161901
24.679,1786827161789
24.679,1786827161677
24.706,1786827161555
24.706,1786827161439
24.706,1786827161327
24.706,1786827161215
24.706,1786827161101
24.706,1786827160982
24.706,1786827160865
24.706,1786827160753
24.706,1786827160641
24.706,1786827160527
24.778,1786827160407
24.778,1786827160291
24.778,1786827160179
24.778,1786827160067
24.778,1786827159953
24.778,1786827159717
24.778,1786827159605
24.778,1786827159493
24.778,1786827159381
24.778,1786827159146
24.778,1786827159034
24.778,1786827158922
24.778,1786827158808
24.778,1786827158698
24.778,1786827158572
24.778,1786827158460
24.778,1786827158348
24.778,1786827158236
24.778,1786827158124
24.724,1786827157998
24.724,1786827157885
24.724,1786827157773
24.724,1786827157661
24.724,1786827157544
24.724,1786827157422
24.724,1786827157310
24.724,1786827157198
24.724,1786827157085
24.724,1786827156974
24.679,1786827156736
24.679,1786827156513
24.679,1786827156397
24.679,1786827156275
24.679,1786827155939
24.679,1786827155822
24.706,1786827155700
24.706,1786827155588
24.706,1786827155364
24.706,1786827155248
24.706,1786827155126
24.706,1786827155014
24.706,1786827154790
24.706,1786827154674
24.661,1786827154440
24.661,1786827154328
24.661,1786827154216
24.661,1786827154100
24.661,1786827153866
24.661,1786827153754
24.661,1786827153642
24.661,1786827153526
24.661,1786827153414
24.715,1786827153292
24.715,1786827153180
24.715,1786827153068
24.715,1786827152952
24.715,1786827152840
24.715,1786827152718
24.715,1786827152604
24.715,1786827152379
24.715,1786827152267
24.625,1786827152146
24.625,1786827152034
24.625,1786827151922
24.625,1786827151807
24.625,1786827151695
24.625,1786827151574
24.625,1786827151462
24.625,1786827151348
24.625,1786827151237
24.625,1786827151125
24.706,1786827151003
24.706,1786827150889
24.706,1786827150780
24.706,1786827150551
24.706,1786827150429
24.706,1786827150315
24.706,1786827150208
24.706,1786827150091
24.706,1786827149979
24.661,1786827149857
24.661,1786827149743
24.661,1786827149633
24.661,1786827149517
24.661,1786827149405
24.661,1786827149293
24.661,1786827149171
24.661,1786827149059
24.661,1786827148942
24.661,1786827148830
24.661,1786827148717
24.706,1786827148595
24.706,1786827148478
24.706,1786827148366
24.706,1786827148254
24.706,1786827148142
24.706,1786827148020
24.706,1786827147903
24.706,1786827147791
24.706,1786827147679
24.706,1786827147567
24.652,1786827147445
24.652,1786827147333
24.652,1786827147221
24.652,1786827146997
24.652,1786827146875
24.652,1786827146759
24.652,1786827146647
24.652,1786827146423
24.724,1786827146301
24.724,1786827146184
24.724,1786827146071
24.724,1786827145848
24.724,1786827145725
24.724,1786827145609
24.724,1786827145497
24.724,1786827145385
24.724,1786827145273
24.715,1786827145150
24.715,1786827145034
24.715,1786827144922
24.715,1786827144810
24.715,1786827144698
24.715,1786827144576
24.715,1786827144459
24.715,1786827144347
24.715,1786827144235
24.715,1786827144011
24.697,1786827143886
24.697,1786827143774
24.697,1786827143663
24.697,1786827143551
24.697,1786827143438
24.697,1786827143201
24.697,1786827143089
24.697,1786827142977
24.697,1786827142865
24.625,1786827142743
24.625,1786827142631
24.625,1786827142519
24.625,1786827142407
24.625,1786827142169
24.625,1786827142057
24.625,1786827141945
24.625,1786827141831
24.625,1786827141722
24.652,1786827141595
24.652,1786827141483
24.652,1786827141371
24.652,1786827141152
24.652,1786827141025
24.652,1786827140913
24.652,1786827140801
24.652,1786827140687
24.751,1786827140455
24.751,1786827140343
24.751,1786827140231
24.751,1786827140117
24.751,1786827140007
24.751,1786827139881
24.751,1786827139769
24.751,1786827139657
24.751,1786827139543
24.661,1786827139307
24.661,1786827139195
24.661,1786827139083
24.661,1786827138854
24.661,1786827138742
24.661,1786827138620
24.661,1786827138508
24.661,1786827138279
24.661,1786827138166
24.706,1786827138044
24.706,1786827137932
24.706,1786827137703
24.706,1786827137591
24.706,1786827137469
24.706,1786827137357
24.706,1786827137128
24.706,1786827137016
24.715,1786827136894
24.715,1786827136782
24.715,1786827136553
24.715,1786827136441
24.715,1786827136319
24.715,1786827136207
24.715,1786827136094
24.715,1786827135865
24.706,1786827135743
24.706,1786827135631
24.706,1786827135520
24.706,1786827135404
24.706,1786827135291
24.706,1786827135169
24.706,1786827135057
24.706,1786827134945
24.706,1786827134829
24.706,1786827134717
24.697,1786827134595
24.697,1786827134371
24.697,1786827134254
24.697,1786827134142
24.697,1786827134020
24.697,1786827133908
24.697,1786827133796
24.697,1786827133680
24.697,1786827133568
24.697,1786827133456
24.733,1786827133334
24.733,1786827133223
24.733,1786827133106
24.733,1786827132994
24.733,1786827132881
24.733,1786827132759
24.733,1786827132647
24.733,1786827132531
24.733,1786827132307
24.715,1786827132183
24.715,1786827132075
24.715,1786827131958
24.715,1786827131846
24.715,1786827131734
24.715,1786827131610
24.715,1786827131500
24.715,1786827131384
24.715,1786827131272
24.715,1786827131160
24.715,1786827131036
24.715,1786827130926
24.715,1786827130698
24.715,1786827130585
24.715,1786827130463
24.715,1786827130122
24.715,1786827130010
24.67,1786827129888
24.67,1786827129771
24.67,1786827129547
24.67,1786827129435
24.67,1786827129313
24.67,1786827129196
24.67,1786827129084
24.67,1786827128972
24.67,1786827128860
24.706,1786827128738
24.706,1786827128621
24.706,1786827128397
24.706,1786827128285
24.706,1786827128173
24.706,1786827128045
24.706,1786827127933
24.706,1786827127821
24.706,1786827127709
24.706,1786827127596
24.688,1786827127471
24.688,1786827127247
24.688,1786827127135
24.688,1786827127023
24.688,1786827126898
24.688,1786827126786
24.688,1786827126563
24.688,1786827126451
24.697,1786827126324
24.697,1786827126212
24.697,1786827126100
24.697,1786827125988
24.697,1786827125876
24.697,1786827125754
24.697,1786827125642
24.697,1786827125530
24.697,1786827125416
24.697,1786827125306
24.697,1786827125180
24.697,1786827125068
24.697,1786827124842
24.697,1786827124732
24.697,1786827124606
24.697,1786827124494
24.697,1786827124270
24.697,1786827124158
24.715,1786827123918
24.715,1786827123806
24.715,1786827123694
24.715,1786827123577
24.715,1786827123343
24.715,1786827123231
24.715,1786827123119
24.715,1786827123002
24.715,1786827122890
24.733,1786827122768
24.733,1786827122656
24.733,1786827122544
24.733,1786827122427
24.733,1786827122314
24.733,1786827122192
24.733,1786827122080
24.733,1786827121968
24.733,1786827121851
24.733,1786827121739
24.778,1786827121617
24.778,1786827121505
24.778,1786827121394
24.778,1786827121276
24.778,1786827121164
24.778,1786827121042
24.778,1786827120930
24.778,1786827120818
24.778,1786827120701
24.778,1786827120589
24.706,1786827120468
24.706,1786827120356
24.706,1786827120244
24.706,1786827120132
24.706,1786827120020
24.706,1786827119898
24.706,1786827119786
24.706,1786827119674
24.706,1786827119560
24.706,1786827119448
24.715,1786827119326
24.715,1786827119214
24.715,1786827119102
24.715,1786827118985
24.715,1786827118873
24.715,1786827118751
24.715,1786827118639
24.715,1786827118410
24.715,1786827118298
24.679,1786827118064
24.679,1786827117840
24.679,1786827117728
24.679,1786827117616
24.679,1786827117494
24.679,1786827117382
24.679,1786827117266
24.679,1786827117154
24.679,1786827117041
24.733,1786827116919
24.733,1786827116807
24.733,1786827116690
24.733,1786827116578
24.733,1786827116466
24.733,1786827116342
24.733,1786827116233
24.733,1786827116116
24.733,1786827115892
24.733,1786827115767
24.733,1786827115658
24.733,1786827115317
24.733,1786827115193
24.733,1786827115084
24.733,1786827114967
24.733,1786827114855
24.733,1786827114743
24.778,1786827114619
24.778,1786827114510
24.778,1786827114393
24.778,1786827114281
24.778,1786827114169
24.778,1786827114045
24.778,1786827113936
24.778,1786827113819
24.778,1786827113707
24.778,1786827113595
24.778,1786827113471
24.778,1786827113362
24.778,1786827113245
24.778,1786827113021
24.778,1786827112788
24.778,1786827112671
24.778,1786827112559
24.778,1786827112446
24.778,1786827112334
24.697,1786827112212
24.697,1786827112100
24.697,1786827111988
24.697,1786827111762
24.697,1786827111643
24.697,1786827111526
24.697,1786827111414
24.697,1786827111188
24.733,1786827111069
24.733,1786827110952
24.733,1786827110840
24.733,1786827110728
24.733,1786827110614
24.733,1786827110495
24.733,1786827110377
24.733,1786827110266
24.733,1786827110040
24.715,1786827109920
24.715,1786827109803
24.715,1786827109691
24.715,1786827109579
24.715,1786827109466
24.715,1786827109344
24.715,1786827109230
24.715,1786827109117
24.715,1786827109005
24.715,1786827108891
24.76,1786827108771
24.76,1786827108543
24.76,1786827108431
24.76,1786827108319
24.76,1786827108197
24.76,1786827108080
24.76,1786827107968
24.76,1786827107856
24.76,1786827107632
24.76,1786827107505
24.76,1786827107393
24.76,1786827107281
24.76,1786827107169
24.76,1786827107057
24.76,1786827106818
24.76,1786827106706
24.76,1786827106594
24.76,1786827106482
24.706,1786827106360
24.706,1786827106248
24.706,1786827106136
24.706,1786827106022
24.706,1786827105913
24.706,1786827105786
24.706,1786827105562
24.706,1786827105448
24.706,1786827105339
24.742,1786827105213
24.742,1786827105101
24.742,1786827104989
24.742,1786827104875
24.742,1786827104766
24.742,1786827104639
24.742,1786827104527
24.742,1786827104415
24.742,1786827104301
24.742,1786827104194
24.715,1786827104067
24.715,1786827103955
24.715,1786827103729
24.715,1786827103619
24.715,1786827103493
24.715,1786827103381
24.715,1786827103269
24.715,1786827103155
24.715,1786827103045
24.697,1786827102919
24.697,1786827102807
24.697,1786827102695
24.697,1786827102583
24.697,1786827102471
24.697,1786827102354
24.697,1786827102232
24.697,1786827102120
24.697,1786827102008
24.697,1786827101896
24.697,1786827101778
24.76,1786827101656
24.76,1786827101544
24.76,1786827101432
24.76,1786827101315
24.76,1786827101203
24.76,1786827101081
24.76,1786827100969
24.76,1786827100857
24.76,1786827100739
24.76,1786827100628
24.742,1786827100505
24.742,1786827100393
24.742,1786827100282
24.742,1786827100164
24.742,1786827100052
24.742,1786827099930
24.742,1786827099706
24.742,1786827099589
24.742,1786827099477
24.778,1786827099355
24.778,1786827099243
24.778,1786827099131
24.778,1786827099014
24.778,1786827098780
24.778,1786827098668
24.778,1786827098556
24.778,1786827098439
24.778,1786827098327
24.733,1786827098205
24.733,1786827098093
24.733,1786827097981
24.733,1786827097864
24.733,1786827097630
24.733,1786827097517
24.733,1786827097405
24.733,1786827097289
24.733,1786827097177
24.733,1786827097065
24.742,1786827096943
24.742,1786827096831
24.742,1786827096716
24.742,1786827096604
24.742,1786827096491
24.742,1786827096369
24.742,1786827096143
24.742,1786827096031
24.706,1786827095798
24.706,1786827095686
24.706,1786827095569
24.706,1786827095457
24.706,1786827095345
24.706,1786827095223
24.706,1786827095111
24.706,1786827094994
24.706,1786827094882
24.706,1786827094770
24.715,1786827094648
24.715,1786827094536
24.715,1786827094419
24.715,1786827094307
24.715,1786827094195
24.715,1786827094073
24.715,1786827093961
24.715,1786827093844
24.715,1786827093732
24.715,1786827093620
24.751,1786827093498
24.751,1786827093386
24.751,1786827093162
24.751,1786827092928
24.751,1786827092816
24.751,1786827092587
24.751,1786827092475
24.715,1786827092353
24.715,1786827092241
24.715,1786827092126
24.715,1786827092014
24.715,1786827091902
24.715,1786827091788
24.715,1786827091673
24.715,1786827091556
24.715,1786827091444
24.715,1786827091332
24.715,1786827091220
24.697,1786827091099
24.697,1786827090982
24.697,1786827090870
24.697,1786827090758
24.697,1786827090644
24.697,1786827090524
24.697,1786827090408
24.697,1786827090296
24.697,1786827090184
24.697,1786827090072
24.751,1786827089722
24.751,1786827089498
24.751,1786827089260
24.751,1786827089148
24.751,1786827088924
24.724,1786827088802
24.724,1786827088690
24.724,1786827088578
24.724,1786827088466
24.724,1786827088354
24.724,1786827088228
24.724,1786827088116
24.724,1786827088004
24.724,1786827087892
24.724,1786827087780
24.625,1786827087654
24.625,1786827087541
24.625,1786827087429
24.625,1786827087317
24.625,1786827087079
24.625,1786827086967
24.625,1786827086855
24.625,1786827086743
24.625,1786827086631
24.625,1786827086515
24.751,1786827086170
24.751,1786827086058
24.751,1786827085941
24.751,1786827085819
24.751,1786827085707
24.751,1786827085595
24.751,1786827085483
24.751,1786827085367
24.697,1786827085245
24.697,1786827085133
24.697,1786827085021
24.697,1786827084909
24.697,1786827084793
24.697,1786827084559
24.697,1786827084447
24.697,1786827084335
24.697,1786827084218
24.733,1786827083872
24.733,1786827083760
24.733,1786827083644
24.733,1786827083522
24.733,1786827083410
24.733,1786827083298
24.733,1786827083186
24.733,1786827083070
24.742,1786827082948
24.742,1786827082836
24.742,1786827082724
24.742,1786827082612
24.742,1786827082496
24.742,1786827082374
24.742,1786827082262
24.742,1786827082150
24.742,1786827082038
24.742,1786827081922
24.742,1786827081800
24.742,1786827081688
24.742,1786827081576
24.742,1786827081464
24.742,1786827081348
24.742,1786827081236
24.742,1786827081114
24.742,1786827081002
24.742,1786827080774
24.742,1786827080661
24.751,1786827080539
24.751,1786827080199
24.751,1786827080087
24.751,1786827079965
24.751,1786827079853
24.751,1786827079740
24.751,1786827079626
24.751,1786827079514
24.715,1786827079392
24.715,1786827079280
24.715,1786827079168
24.715,1786827079052
24.715,1786827078818
24.715,1786827078706
24.715,1786827078594
24.715,1786827078479
24.715,1786827078368
24.76,1786827078134
24.76,1786827078022
24.76,1786827077907
24.76,1786827077794
24.76,1786827077672
24.76,1786827077560
24.76,1786827077448
24.76,1786827077333
24.76,1786827077221
24.778,1786827076987
24.778,1786827076875
24.778,1786827076759
24.778,1786827076647
24.778,1786827076413
24.778,1786827076301
24.778,1786827076184
24.778,1786827076072
24.733,1786827075838
24.733,1786827075726
24.733,1786827075610
24.733,1786827075386
24.733,1786827075264
24.733,1786827075152
24.733,1786827075035
24.733,1786827074811
24.733,1786827074689
24.733,1786827074577
24.733,1786827074462
24.733,1786827074350
24.733,1786827074238
24.733,1786827074006
24.733,1786827073889
24.733,1786827073777
24.733,1786827073543
24.733,1786827073431
24.733,1786827073316
24.733,1786827073204
24.733,1786827073092
24.733,1786827072742
24.733,1786827072630
24.733,1786827072518
24.724,1786827072394
24.724,1786827072284
24.724,1786827072168
24.724,1786827072056
24.724,1786827071944
24.724,1786827071822
24.724,1786827071710
24.724,1786827071594
24.724,1786827071482
24.724,1786827071370
24.724,1786827071246
24.724,1786827071136
24.724,1786827070908
24.724,1786827070796
24.724,1786827070684
24.724,1786827070557
24.724,1786827070333
24.724,1786827070221
24.724,1786827070109
24.778,1786827069981
24.778,1786827069757
24.778,1786827069645
24.778,1786827069183
24.778,1786827069071
24.778,1786827068959
24.751,1786827068721
24.751,1786827068608
24.751,1786827068496
24.751,1786827068384
24.751,1786827068150
24.751,1786827068038
24.751,1786827067926
24.751,1786827067814
24.742,1786827067580
24.742,1786827067468
24.742,1786827067244
24.742,1786827067122
24.742,1786827067005
24.742,1786827066893
24.742,1786827066781
24.742,1786827066669
24.742,1786827066543
24.742,1786827066431
24.742,1786827066319
24.742,1786827066207
24.742,1786827066093
24.742,1786827065857
24.742,1786827065745
24.742,1786827065633
24.742,1786827065519
24.742,1786827065408
24.751,1786827065281
24.751,1786827065169
24.751,1786827065057
24.751,1786827064833
24.751,1786827064707
24.751,1786827064595
24.751,1786827064483
24.751,1786827064371
24.751,1786827064259
24.742,1786827064132
24.742,1786827064020
24.742,1786827063908
24.742,1786827063796
24.742,1786827063679
24.742,1786827063557
24.742,1786827063445
24.742,1786827063333
24.742,1786827063221
24.742,1786827063104
24.742,1786827062982
24.742,1786827062870
24.742,1786827062758
24.742,1786827062646
24.742,1786827062529
24.742,1786827062407
24.742,1786827062295
24.742,1786827062183
24.742,1786827062071
24.742,1786827061954
24.751,1786827061832
24.751,1786827061720
24.751,1786827061608
24.751,1786827061496
24.751,1786827061379
24.751,1786827061257
24.751,1786827061145
24.751,1786827061033
24.751,1786827060921
24.751,1786827060804
24.751,1786827060691
24.796,1786827060569
24.796,1786827060457
24.796,1786827060345
24.796,1786827060228
24.796,1786827060115
24.796,1786827059993
24.796,1786827059881
24.796,1786827059769
24.796,1786827059653
24.796,1786827059541
24.697,1786827059419
24.697,1786827059307
24.697,1786827059195
24.697,1786827059083
24.697,1786827058971
24.697,1786827058849
24.697,1786827058737
24.697,1786827058623
24.697,1786827058513
24.697,1786827058397
24.966,1786827058163
24.966,1786827058049
24.966,1786827057940
24.966,1786827057823
24.966,1786827057589
24.966,1786827057475
24.966,1786827057365
24.966,1786827057249
25.029,1786827057127
25.029,1786827057015
25.029,1786827056901
25.029,1786827056791
25.029,1786827056675
25.029,1786827056553
25.029,1786827056441
25.029,1786827056327
25.029,1786827056217
25.029,1786827056101
24.993,1786827055979
24.993,1786827055867
24.993,1786827055755
24.993,1786827055638
24.993,1786827055526
24.993,1786827055414
24.993,1786827055292
24.993,1786827055180
24.993,1786827055063
24.993,1786827054951
24.993,1786827054839
25.047,1786827054717
25.047,1786827054605
25.047,1786827054488
25.047,1786827054376
25.047,1786827054264
25.047,1786827054141
25.047,1786827054029
25.047,1786827053913
25.047,1786827053801
25.047,1786827053689
25.011,1786827053569
25.011,1786827053457
25.011,1786827053341
25.011,1786827053229
25.011,1786827053115
25.011,1786827052994
25.011,1786827052878
25.011,1786827052650
25.011,1786827052538
24.984,1786827052416
24.984,1786827052304
24.984,1786827052075
24.984,1786827051963
24.984,1786827051841
24.984,1786827051729
24.984,1786827051612
24.984,1786827051500
24.984,1786827051388
25.038,1786827051266
25.038,1786827051090
25.038,1786827050978
25.038,1786827050866
25.038,1786827050754
25.038,1786827050642
25.038,1786827050477
25.038,1786827050365
25.038,1786827050253
25.038,1786827050141
25.038,1786827050029
25.137,1786827049902
25.137,1786827049790
25.137,1786827049678
25.137,1786827049566
25.137,1786827049441
25.137,1786827049285
25.137,1786827049129
25.137,1786827049017
25.137,1786827048891
25.137,1786827048774
25.047,1786827048615
25.047,1786827048474
25.047,1786827048334
25.047,1786827048217
25.047,1786827047972
25.047,1786827047845
25.047,1786827047690
25.047,1786827047574
25.047,1786827047448
25.02,1786827047327
25.02,1786827047186
25.02,1786827047029
25.02,1786827046903
25.02,1786827046777
25.02,1786827046642
25.02,1786827046512
25.02,1786827046372
25.02,1786827046217
25.02,1786827046090
25.101,1786827045968
25.101,1786827045853
25.101,1786827045699
25.101,1786827045543
25.101,1786827045417
25.101,1786827045284
25.101,1786827045162
25.101,1786827045022
25.101,1786827044881
25.101,1786827044608
25.119,1786827044472
25.119,1786827044345
25.119,1786827044201
25.119,1786827044045
25.119,1786827043918
25.119,1786827043798
25.119,1786827043667
25.119,1786827043527
25.119,1786827043386
25.119,1786827043248
25.101,1786827043112
25.101,1786827042996
25.101,1786827042870
25.101,1786827042573
25.101,1786827042432
25.101,1786827042320
25.101,1786827042208
25.101,1786827042070
25.101,1786827041912
25.083,1786827041762
25.083,1786827041650
25.083,1786827041525
25.083,1786827041401
25.083,1786827041242
25.083,1786827041098
25.083,1786827040971
25.083,1786827040859
25.083,1786827040742
25.083,1786827040588
25.101,1786827040439
25.101,1786827040300
25.101,1786827040169
25.101,1786827040057
25.101,1786827039919
25.101,1786827039781
25.101,1786827039625
25.101,1786827039500
25.101,1786827039263
25.101,1786827039122
25.056,1786827038952
25.056,1786827038700
25.056,1786827038588
25.056,1786827038442
25.056,1786827038138
25.056,1786827038027
25.056,1786827037895
25.056,1786827037769
25.11,1786827037620
25.11,1786827037464
25.11,1786827037334
25.11,1786827037222
25.11,1786827037111
25.11,1786827036947
25.11,1786827036802
25.11,1786827036662
25.11,1786827036550
25.11,1786827036424
25.074,1786827036288
25.074,1786827036129
25.074,1786827035989
25.074,1786827035877
25.074,1786827035751
25.074,1786827035610
25.074,1786827035468
25.074,1786827035189
25.074,1786827035058
25.02,1786827034936
25.02,1786827034799
25.02,1786827034644
25.02,1786827034513
25.02,1786827034387
25.02,1786827034275
25.02,1786827034126
25.02,1786827033986
25.02,1786827033841
25.02,1786827033589
25.101,1786827033467
25.101,1786827033309
25.101,1786827033042
25.101,1786827032916
25.101,1786827032790
25.101,1786827032665
25.101,1786827032524
25.101,1786827032385
25.074,1786827032118
25.074,1786827031856
25.074,1786827031714
25.074,1786827031568
25.074,1786827031446
25.074,1786827031320
25.074,1786827031180
25.074,1786827031037
25.074,1786827030896
25.092,1786827030760
25.092,1786827030648
25.092,1786827030517
25.092,1786827030364
25.092,1786827030223
25.092,1786827030089
25.092,1786827029958
25.092,1786827029846
25.092,1786827029708
25.092,1786827029553
25.119,1786827029417
25.119,1786827029285
25.119,1786827029046
25.119,1786827028891
25.119,1786827028734
25.119,1786827028612
25.119,1786827028486
25.119,1786827028360
25.119,1786827028200
25.119,1786827028058
25.065,1786827027923
25.065,1786827027796
25.065,1786827027679
25.065,1786827027540
25.065,1786827027383
25.065,1786827027249
25.065,1786827027118
25.065,1786827026992
25.065,1786827026865
25.065,1786827026727
25.047,1786827026558
25.047,1786827026446
25.047,1786827026322
25.047,1786827026211
25.047,1786827025902
25.047,1786827025776
25.047,1786827025650
25.047,1786827025527
25.047,1786827025397
25.02,1786827025232
25.02,1786827025093
25.02,1786827024982
25.02,1786827024850
25.02,1786827024724
25.02,1786827024575
25.02,1786827024421
25.02,1786827024297
25.02,1786827024167
25.02,1786827024055
25.101,1786827023920
25.101,1786827023793
25.101,1786827023661
25.101,1786827023508
25.101,1786827023367
25.101,1786827023255
25.101,1786827023114
25.101,1786827022847
25.101,1786827022693
25.101,1786827022567
25.02,1786827022314
25.02,1786827022175
25.02,1786827022038
25.02,1786827021756
25.02,1786827021644
25.02,1786827021517
25.02,1786827021356
25.02,1786827021200
25.047,1786827021080
25.047,1786827020839
25.047,1786827020697
25.047,1786827020542
25.047,1786827020406
25.047,1786827020276
25.047,1786827020164
25.047,1786827020023
25.047,1786827019882
25.002,1786827019711
25.002,1786827019600
25.002,1786827019473
25.002,1786827019361
25.002,1786827019055
25.002,1786827018914
25.002,1786827018802
25.002,1786827018690
25.002,1786827018544
25.047,1786827018383
25.047,1786827018246
25.047,1786827018135
25.047,1786827018003
25.047,1786827017751
25.047,1786827017587
25.047,1786827017461
25.047,1786827017345
25.047,1786827017219
25.047,1786827017093
25.056,1786827016932
25.056,1786827016788
25.056,1786827016661
25.056,1786827016549
25.056,1786827016423
25.056,1786827016253
25.056,1786827016117
25.056,1786827015990
25.056,1786827015864
25.056,1786827015752
24.984,1786827015597
24.984,1786827015443
24.984,1786827015319
24.984,1786827015193
24.984,1786827015077
24.984,1786827014943
24.984,1786827014793
24.984,1786827014653
24.984,1786827014524
24.984,1786827014399
24.984,1786827014138
24.984,1786827013997
24.984,1786827013852
24.984,1786827013726
24.984,1786827013604
24.984,1786827013478
24.984,1786827013318
24.984,1786827013178
24.984,1786827013052
25.011,1786827012918
25.011,1786827012802
25.011,1786827012664
25.011,1786827012386
25.011,1786827012244
25.011,1786827012132
25.011,1786827012005
25.011,1786827011864
25.011,1786827011706
25.011,1786827011581
25.056,1786827011347
25.056,1786827011195
25.056,1786827011048
25.056,1786827010908
25.056,1786827010786
25.056,1786827010660
25.056,1786827010532
25.056,1786827010391
25.056,1786827010240
25.083,1786827010105
25.083,1786827009861
25.083,1786827009722
25.083,1786827009568
25.083,1786827009435
25.083,1786827009303
25.083,1786827009051
25.083,1786827008912
25.074,1786827008759
25.074,1786827008632
25.074,1786827008505
25.074,1786827008393
25.074,1786827008234
25.074,1786827008088
25.074,1786827007966
25.074,1786827007839
25.074,1786827007727
25.074,1786827007586
25.038,1786827007436
25.038,1786827007296
25.038,1786827007170
25.038,1786827007041
25.038,1786827006929
25.038,1786827006772
25.038,1786827006489
25.038,1786827006377
25.038,1786827006265
25.038,1786827006126
25.056,1786827005965
25.056,1786827005818
25.056,1786827005706
25.056,1786827005580
25.056,1786827005453
25.056,1786827005150
25.056,1786827005024
25.056,1786827004916
25.056,1786827004785
25.038,1786827004634
25.038,1786827004495
25.038,1786827004354
25.038,1786827004241
25.038,1786827004114
25.038,1786827003977
25.038,1786827003835
25.038,1786827003680
25.038,1786827003550
25.038,1786827003438
25.038,1786827003303
25.038,1786827003177
25.038,1786827003021
25.038,1786827002879
25.038,1786827002753
25.038,1786827002631
25.038,1786827002502
25.038,1786827002348
25.038,1786827002208
25.038,1786827002081
25.083,1786827001943
25.083,1786827001831
25.083,1786827001690
25.083,1786827001551
25.083,1786827001412
25.083,1786827001271
25.083,1786827001159
25.083,1786827001033
25.083,1786827000879
25.083,1786827000742
25.083,1786827000616
25.065,1786827000480
25.065,1786827000368
25.065,1786827000222
25.065,1786827000069
25.065,1786826999931
25.065,1786826999809
25.065,1786826999680
25.065,1786826999554
25.065,1786826999420
25.065,1786826999280
25.137,1786826998904
25.137,1786826998768
25.137,1786826998613
25.137,1786826998479
25.137,1786826998353
25.137,1786826998227
25.137,1786826998115
25.137,1786826997962
25.083,1786826997679
25.083,1786826997554
25.083,1786826997442
25.083,1786826997300
25.083,1786826997135
25.083,1786826997013
25.083,1786826996886
25.083,1786826996770
25.083,1786826996628
25.02,1786826996319
25.02,1786826996206
25.02,1786826996079
25.02,1786826995967
25.02,1786826995810
25.02,1786826995524
25.02,1786826995412
25.02,1786826995304
25.02,1786826995148
25.047,1786826994996
25.047,1786826994856
25.047,1786826994744
25.047,1786826994618
25.047,1786826994491
25.047,1786826994345
25.047,1786826994194
25.047,1786826994067
25.047,1786826993956
25.047,1786826993839
25.083,1786826993682
25.083,1786826993541
25.083,1786826993400
25.083,1786826993285
25.083,1786826993161
25.083,1786826993024
25.083,1786826992766
25.083,1786826992632
25.083,1786826992492
25.083,1786826992355
25.083,1786826992231
25.083,1786826992118
25.083,1786826991977
25.083,1786826991823
25.083,1786826991686
25.083,1786826991559
25.083,1786826991447
25.083,1786826991321
25.083,1786826991170
25.065,1786826991017
25.065,1786826990891
25.065,1786826990765
25.065,1786826990657
25.065,1786826990516
25.065,1786826990347
25.065,1786826990221
25.065,1786826990094
25.065,1786826989982
25.065,1786826989839
25.065,1786826989697
25.038,1786826989534
25.038,1786826989422
25.038,1786826989292
25.038,1786826989180
25.038,1786826989028
25.038,1786826988862
25.038,1786826988730
25.038,1786826988618
25.038,1786826988506
25.074,1786826988179
25.074,1786826988053
25.074,1786826987941
25.074,1786826987817
25.074,1786826987690
25.074,1786826987401
25.074,1786826987275
25.074,1786826987038
24.984,1786826986874
24.984,1786826986751
24.984,1786826986624
24.984,1786826986498
24.984,1786826986367
24.984,1786826986232
24.984,1786826986093
24.984,1786826985954
24.984,1786826985696
25.038,1786826985574
25.038,1786826985420
25.038,1786826985294
25.038,1786826985152
25.038,1786826985040
25.038,1786826984904
25.038,1786826984782
25.038,1786826984636
25.038,1786826984484
25.038,1786826984358
25.038,1786826984254
25.065,1786826984111
25.065,1786826983977
25.065,1786826983837
25.065,1786826983695
25.065,1786826983566
25.065,1786826983446
25.065,1786826983306
25.065,1786826983170
25.065,1786826983023
25.065,1786826982897
25.038,1786826982762
25.038,1786826982650
25.038,1786826982494
25.038,1786826982353
25.038,1786826982212
25.038,1786826981967
25.038,1786826981837
25.038,1786826981681
25.038,1786826981541
25.056,1786826981405
25.056,1786826981288
25.056,1786826981165
25.056,1786826980732
25.056,1786826980494
25.056,1786826980355
25.056,1786826980208
25.02,1786826979933
25.02,1786826979821
25.02,1786826979698
25.02,1786826979537
25.02,1786826979373
25.02,1786826979261
25.02,1786826979137
25.02,1786826979021
25.02,1786826978865
25.02,1786826978738
25.065,1786826978587
25.065,1786826978470
25.065,1786826978343
25.065,1786826978219
25.065,1786826978079
25.065,1786826977911
25.065,1786826977800
25.065,1786826977673
25.065,1786826977561
25.065,1786826977407
25.029,1786826977255
25.029,1786826977004
25.029,1786826976877
25.029,1786826976746
25.029,1786826976584
25.029,1786826976443
25.029,1786826976316
25.029,1786826976205
25.029,1786826976074
25.056,1786826975927
25.056,1786826975773
25.056,1786826975662
25.056,1786826975533
25.056,1786826975421
25.056,1786826975274
25.056,1786826975119
25.056,1786826974977
25.056,1786826974865
25.056,1786826974739
25.065,1786826974604
25.065,1786826974444
25.065,1786826974305
25.065,1786826974180
25.065,1786826974069
25.065,1786826973934
25.065,1786826973788
25.065,1786826973632
25.065,1786826973506
25.065,1786826973382
24.85,1786826973255
24.85,1786826973113
24.85,1786826972973
24.85,1786826972831
24.85,1786826972702
24.85,1786826972576
24.85,1786826972455
24.85,1786826972315
24.85,1786826972155
24.85,1786826972030
24.85,1786826971903
24.886,1786826971766
24.886,1786826971641
24.886,1786826971479
24.886,1786826971339
24.886,1786826971213
24.886,1786826971091
24.886,1786826970961
24.886,1786826970819
24.886,1786826970665
24.886,1786826970539
24.841,1786826970413
24.841,1786826970301
24.841,1786826970161
24.841,1786826970022
24.841,1786826969877
24.841,1786826969741
24.841,1786826969615
24.841,1786826969503
24.841,1786826969350
24.841,1786826969207
24.769,1786826968945
24.769,1786826968833
24.769,1786826968694
24.769,1786826968553
24.769,1786826968388
24.769,1786826968276
24.769,1786826968145
24.769,1786826968033
24.769,1786826967879
24.841,1786826967734
24.841,1786826967602
24.841,1786826967476
24.841,1786826967364
24.841,1786826967226
24.841,1786826966804
24.841,1786826966692
24.841,1786826966567
24.841,1786826966420
24.85,1786826966256
24.85,1786826966129
24.85,1786826965886
24.85,1786826965744
24.85,1786826965578
24.85,1786826965451
24.85,1786826965339
24.85,1786826965207
24.85,1786826965084
24.805,1786826964920
24.805,1786826964784
24.805,1786826964667
24.805,1786826964541
24.805,1786826964414
24.805,1786826964268
24.805,1786826964107
24.805,1786826963981
24.805,1786826963869
24.805,1786826963743
24.922,1786826963587
24.922,1786826963449
24.922,1786826963308
24.922,1786826963203
24.922,1786826963076
24.922,1786826962934
24.922,1786826962793
24.922,1786826962640
24.922,1786826962528
24.922,1786826962396
24.841,1786826962262
24.841,1786826962150
24.841,1786826962024
24.841,1786826961887
24.841,1786826961750
24.841,1786826961599
24.841,1786826961488
24.841,1786826961361
24.841,1786826961230
24.841,1786826961091
24.841,1786826960950
24.805,1786826960684
24.805,1786826960558
24.805,1786826960419
24.805,1786826960125
24.805,1786826960013
24.805,1786826959887
24.805,1786826959765
24.805,1786826959633
24.886,1786826959465
24.886,1786826959339
24.886,1786826959227
24.886,1786826959101
24.886,1786826958959
24.886,1786826958811
24.886,1786826958671
24.886,1786826958544
24.886,1786826958413
24.886,1786826958287
24.85,1786826957853
24.85,1786826957741
24.85,1786826957629
24.85,1786826957304
24.85,1786826957178
24.85,1786826957073
24.85,1786826956946
24.85,1786826956656
24.85,1786826956515
24.85,1786826956410
24.85,1786826956283
24.85,1786826955720
24.85,1786826955608
24.85,1786826955492
24.805,1786826955326
24.805,1786826955186
24.805,1786826955047
24.805,1786826954917
24.805,1786826954805
24.805,1786826954669
24.805,1786826954374
24.805,1786826954248
24.805,1786826954126
24.841,1786826954005
24.841,1786826953862
24.841,1786826953581
24.841,1786826953454
24.841,1786826953324
24.841,1786826953193
24.841,1786826953053
24.841,1786826952901
24.841,1786826952774
24.823,1786826952651
24.823,1786826952539
24.823,1786826952385
24.823,1786826952247
24.823,1786826952101
24.823,1786826951979
24.823,1786826951735
24.823,1786826951575
24.823,1786826951437
24.823,1786826951300
24.823,1786826951063
24.823,1786826950924
24.823,1786826950782
24.823,1786826950632
24.823,1786826950506
24.823,1786826950389
24.823,1786826950263
24.823,1786826950109
24.823,1786826949970
24.85,1786826949829
24.85,1786826949704
24.85,1786826949592
24.85,1786826949462
24.85,1786826949321
24.85,1786826949149
24.85,1786826948911
24.85,1786826948799
24.85,1786826948640
24.823,1786826948492
24.823,1786826948350
24.823,1786826948238
24.823,1786826947981
24.823,1786826947818
24.823,1786826947676
24.823,1786826947559
24.823,1786826947433
24.823,1786826947321
24.805,1786826947155
24.805,1786826946760
24.805,1786826946634
24.805,1786826946486
24.805,1786826946342
24.805,1786826946202
24.805,1786826946076
24.805,1786826945950
24.886,1786826945808
24.886,1786826945654
24.886,1786826945517
24.886,1786826945391
24.886,1786826945259
24.886,1786826945137
24.886,1786826945000
24.886,1786826944859
24.886,1786826944719
24.886,1786826944589
24.85,1786826944467
24.85,1786826944342
24.85,1786826944190
24.85,1786826943920
24.85,1786826943671
24.85,1786826943529
24.85,1786826943378
24.85,1786826943251
24.85,1786826943125
24.814,1786826943005
24.814,1786826942874
24.814,1786826942720
24.814,1786826942581
24.814,1786826942455
24.814,1786826942314
24.814,1786826942049
24.814,1786826941911
24.814,1786826941782
24.886,1786826941645
24.886,1786826941533
24.886,1786826941393
24.886,1786826941232
24.886,1786826941092
24.886,1786826940970
24.886,1786826940735
24.886,1786826940575
24.886,1786826940437
24.85,1786826940301
24.85,1786826940178
24.85,1786826940063
24.85,1786826939921
24.85,1786826939767
24.85,1786826939632
24.85,1786826939500
24.85,1786826939388
24.85,1786826939261
24.85,1786826939108
24.769,1786826938953
24.769,1786826938827
24.769,1786826938701
24.769,1786826938589
24.769,1786826938452
24.769,1786826938310
24.769,1786826938032
24.769,1786826937920
24.769,1786826937774
24.805,1786826937472
24.805,1786826937360
24.805,1786826937235
24.805,1786826937120
24.805,1786826936822
24.805,1786826936694
24.805,1786826936562
24.805,1786826936450
24.805,1786826936312
24.823,1786826936161
24.823,1786826936016
24.823,1786826935890
24.823,1786826935766
24.823,1786826935655
24.823,1786826935485
24.823,1786826935347
24.823,1786826935221
24.823,1786826935095
24.823,1786826934983
24.832,1786826934831
24.832,1786826934679
24.832,1786826934538
24.832,1786826934293
24.832,1786826934159
24.832,1786826934019
24.832,1786826933867
24.832,1786826933735
24.832,1786826933623
24.886,1786826933503
24.886,1786826933348
24.886,1786826933204
24.886,1786826933066
24.886,1786826932955
24.886,1786826932828
24.886,1786826932708
24.886,1786826932394
24.886,1786826932282
24.886,1786826932155
24.85,1786826932028
24.85,1786826931872
24.85,1786826931737
24.85,1786826931597
24.85,1786826931482
24.85,1786826931222
24.85,1786826931110
24.841,1786826930678
24.841,1786826930550
24.841,1786826930424
24.841,1786826930307
24.841,1786826930171
24.841,1786826930011
24.841,1786826929885
24.841,1786826929753
24.841,1786826929641
24.841,1786826929518
24.823,1786826929356
24.823,1786826929210
24.823,1786826929083
24.823,1786826928971
24.823,1786826928845
24.823,1786826928699
24.823,1786826928541
24.823,1786826928416
24.823,1786826928304
24.823,1786826928178
24.823,1786826928042
24.823,1786826927887
24.823,1786826927750
24.823,1786826927625
24.823,1786826927495
24.823,1786826927384
24.823,1786826927232
24.823,1786826927081
24.823,1786826926954
24.823,1786826926822
24.823,1786826926710
24.823,1786826926563
24.823,1786826926409
24.823,1786826926266
24.823,1786826926029
24.823,1786826925892
24.823,1786826925747
24.823,1786826925592
24.823,1786826925467
24.823,1786826925355
24.805,1786826925215
24.805,1786826925075
24.805,1786826924933
24.805,1786826924793
24.805,1786826924667
24.805,1786826924399
24.805,1786826924258
24.805,1786826924117
24.805,1786826923985
24.886,1786826923850
24.886,1786826923738
24.886,1786826923583
24.886,1786826923436
24.886,1786826923175
24.886,1786826923065
24.886,1786826922918
24.886,1786826922639
24.85,1786826922502
24.85,1786826922372
24.85,1786826922260
24.85,1786826922108
24.85,1786826921969
24.85,1786826921844
24.85,1786826921702
24.85,1786826921592
24.85,1786826921451
24.85,1786826921297
24.85,1786826921155
24.787,1786826921032
24.787,1786826920906
24.787,1786826920780
24.787,1786826920634
24.787,1786826920482
24.787,1786826920346
24.787,1786826920234
24.787,1786826920125
24.787,1786826919964
24.787,1786826919823
24.841,1786826919677
24.841,1786826919565
24.841,1786826919435
24.841,1786826919310
24.841,1786826919169
24.841,1786826919004
24.841,1786826918872
24.841,1786826918760
24.841,1786826918494
24.868,1786826918326
24.868,1786826918199
24.868,1786826918072
24.823,1786826916707
24.823,1786826916591
24.823,1786826916479
24.823,1786826916173
24.823,1786826916046
24.823,1786826915914
24.823,1786826915787
24.823,1786826915676
24.841,1786826915510
24.841,1786826915364
24.841,1786826915223
24.841,1786826915111
24.841,1786826915000
24.841,1786826914846
24.841,1786826914695
24.841,1786826914441
24.841,1786826914310
24.859,1786826914174
24.859,1786826914040
24.859,1786826913899
24.859,1786826913776
24.859,1786826913643
24.859,1786826913522
24.859,1786826913383
24.859,1786826913232
24.859,1786826913086
24.859,1786826912974
24.814,1786826912838
24.814,1786826912714
24.814,1786826912571
24.814,1786826912293
24.814,1786826912171
24.814,1786826912055
24.814,1786826911902
24.814,1786826911763
24.814,1786826911623
24.796,1786826911481
24.796,1786826911369
24.796,1786826911091
24.796,1786826910950
24.796,1786826910812
24.796,1786826910700
24.796,1786826910573
24.796,1786826910434
24.85,1786826907041
24.85,1786826906930
24.85,1786826906770
24.85,1786826890929
24.85,1786826890812
24.85,1786826890700
24.787,1786826887019
24.778,1786826846475
24.733,1786826817089
24.769,1786826806535
24.769,1786826806427
24.769,1786826806310
24.769,1786826806198
24.796,1786826806076
24.796,1786826805964
24.796,1786826805851
24.796,1786826805734
24.796,1786826805622
24.796,1786826805500
24.796,1786826805386
24.796,1786826805277
24.796,1786826805160
24.796,1786826805048
24.805,1786826804926
24.805,1786826804702
24.805,1786826804585
24.76,1786826757398
24.76,1786826757286
24.886,1786826738217
24.886,1786826738101
24.85,1786826737979
24.85,1786826737867
24.85,1786826737753
24.85,1786826737526
24.85,1786826737404
24.85,1786826737291
24.85,1786826737180
24.85,1786826737063
24.85,1786826736951
24.805,1786826736717
24.805,1786826736605
24.805,1786826736488
24.805,1786826736376
24.805,1786826736142
24.805,1786826736030
24.805,1786826735913
24.805,1786826735801
24.805,1786826735689
24.805,1786826735567
24.805,1786826735455
24.805,1786826735338
24.805,1786826735226
24.805,1786826735113
24.805,1786826734991
24.805,1786826734879
24.805,1786826734762
24.805,1786826734650
24.805,1786826734538
24.886,1786826734416
24.886,1786826734304
24.886,1786826734075
24.886,1786826733962
24.886,1786826733841
24.886,1786826733728
24.886,1786826733500
24.886,1786826733388
24.823,1786826733154
24.823,1786826733037
24.823,1786826732925
24.823,1786826732813
24.823,1786826732691
24.823,1786826732579
24.823,1786826732462
24.823,1786826732350
24.823,1786826732238
24.841,1786826732116
24.841,1786826732004
24.841,1786826731887
24.841,1786826731775
24.841,1786826731663
24.841,1786826731541
24.841,1786826731429
24.841,1786826731312
24.841,1786826731200
24.841,1786826731088
24.922,1786826730966
24.922,1786826730854
24.922,1786826730737
24.922,1786826730625
24.922,1786826730513
24.922,1786826730401
24.922,1786826730280
24.922,1786826730163
24.922,1786826730051
24.922,1786826729939
24.922,1786826729826
24.85,1786826729704
24.85,1786826729586
24.85,1786826729474
24.85,1786826729362
24.85,1786826729250
24.85,1786826729128
24.85,1786826729014
24.85,1786826728790
24.85,1786826728678
24.868,1786826728556
24.868,1786826728439
24.868,1786826728215
24.868,1786826728104
24.868,1786826727982
24.868,1786826727865
24.868,1786826727753
24.868,1786826727641
24.868,1786826727529
24.823,1786826727407
24.823,1786826727293
24.823,1786826727181
24.823,1786826727069
24.823,1786826726957
24.823,1786826726835
24.823,1786826726718
24.823,1786826726606
24.823,1786826726494
24.823,1786826726382
24.805,1786826726260
24.805,1786826726143
24.805,1786826726031
24.805,1786826725919
24.805,1786826725807
24.805,1786826725685
24.805,1786826725573
24.805,1786826725461
24.805,1786826725349
24.805,1786826725237
24.805,1786826725125
24.859,1786826724998
24.859,1786826724886
24.859,1786826724774
24.859,1786826724662
24.859,1786826724549
24.859,1786826724422
24.859,1786826724310
24.859,1786826724198
24.859,1786826724086
24.859,1786826723974
24.832,1786826723847
24.832,1786826723734
24.832,1786826723623
24.832,1786826723510
24.832,1786826723399
24.832,1786826723274
24.832,1786826723162
24.832,1786826723050
24.832,1786826722826
24.814,1786826722699
24.814,1786826722587
24.814,1786826722475
24.814,1786826722363
24.814,1786826722251
24.814,1786826722013
24.814,1786826721901
24.814,1786826721789
24.814,1786826721677
24.886,1786826721553
24.886,1786826721441
24.886,1786826721329
24.886,1786826721217
24.886,1786826720978
24.886,1786826720866
24.886,1786826720754
24.886,1786826720642
24.85,1786826720404
24.85,1786826720292
24.85,1786826720180
24.85,1786826720068
24.85,1786826719842
24.85,1786826719608
24.85,1786826719496
24.85,1786826719384
24.85,1786826719266
24.85,1786826719032
24.85,1786826718920
24.85,1786826718808
24.85,1786826718691
24.85,1786826718457
24.85,1786826718345
24.85,1786826718233
24.85,1786826718116
24.823,1786826717882
24.823,1786826717768
24.823,1786826717659
24.823,1786826717541
24.823,1786826717307
24.823,1786826717193
24.823,1786826717085
24.922,1786826716845
24.922,1786826716733
24.922,1786826716620
24.922,1786826716509
24.922,1786826716392
24.922,1786826716158
24.922,1786826716045
24.922,1786826715933
24.922,1786826715816
24.769,1786826715582
24.769,1786826715469
24.769,1786826715359
24.769,1786826715242
24.769,1786826715120
24.769,1786826715008
24.769,1786826714895
24.769,1786826714788
24.769,1786826714559
24.832,1786826714436
24.832,1786826714322
24.832,1786826714212
24.832,1786826713983
24.832,1786826713861
24.832,1786826713747
24.832,1786826713642
24.832,1786826713525
24.832,1786826713413
24.841,1786826713291
24.841,1786826713177
24.841,1786826713067
24.841,1786826712951
24.841,1786826712717
24.841,1786826712377
24.841,1786826712265
24.805,1786826712143
24.805,1786826712029
24.805,1786826711919
24.805,1786826711803
24.805,1786826711691
24.805,1786826711569
24.805,1786826711457
24.805,1786826711228
24.805,1786826711116
24.787,1786826710994
24.787,1786826710882
24.787,1786826710765
24.787,1786826710653
24.787,1786826710541
24.787,1786826710419
24.787,1786826710307
24.787,1786826710190
24.787,1786826710078
24.787,1786826709966
24.841,1786826709844
24.841,1786826709732
24.841,1786826709503
24.841,1786826709391
24.841,1786826709279
24.841,1786826709157
24.841,1786826708928
24.841,1786826708816
24.841,1786826708704
24.805,1786826708582
24.805,1786826708470
24.805,1786826708358
24.805,1786826708246
24.805,1786826708133
24.805,1786826708011
24.805,1786826707894
24.805,1786826707782
24.805,1786826707670
24.805,1786826707558
24.85,1786826707436
24.85,1786826707319
24.85,1786826707207
24.85,1786826707095
24.85,1786826706983
24.85,1786826706861
24.85,1786826706744
24.85,1786826706632
24.85,1786826706520
24.85,1786826706408
24.859,1786826706286
24.859,1786826706169
24.859,1786826706057
24.877,1786826686445
24.868,1786826686323
24.868,1786826686207
24.868,1786826686095
24.868,1786826685872
24.868,1786826685634
24.868,1786826685522
24.868,1786826685410
24.868,1786826685298
24.841,1786826685176
24.841,1786826685062
24.841,1786826684950
24.841,1786826684838
24.841,1786826684726
24.841,1786826684604
24.841,1786826684376
24.841,1786826684152
24.805,1786826684030
24.805,1786826683804
24.805,1786826683692
24.805,1786826683580
24.805,1786826683468
24.805,1786826683342
24.805,1786826683230
24.805,1786826683118
24.805,1786826683004
24.805,1786826682893
24.841,1786826682766
24.841,1786826682654
24.841,1786826682542
24.841,1786826682428
24.841,1786826682319
24.841,1786826682192
24.841,1786826681968
24.841,1786826681856
24.841,1786826681744
24.886,1786826681618
24.886,1786826681394
24.886,1786826681283
24.886,1786826681170
24.886,1786826681049
24.886,1786826680937
24.886,1786826680825
24.886,1786826680715
24.886,1786826680603
24.841,1786826680476
24.841,1786826680364
24.841,1786826680252
24.841,1786826680141
24.841,1786826680029
24.841,1786826679904
24.841,1786826679792
24.841,1786826679680
24.841,1786826679566
24.841,1786826679457
24.832,1786826679331
24.832,1786826679219
24.832,1786826679107
24.832,1786826678995
24.832,1786826678883
24.832,1786826678756
24.832,1786826678645
24.832,1786826678533
24.832,1786826678419
24.832,1786826678309
24.832,1786826678193
24.841,1786826678071
24.841,1786826677959
24.841,1786826677845
24.841,1786826677735
24.841,1786826677619
24.841,1786826677497
24.841,1786826677385
24.841,1786826677271
24.841,1786826677161
24.841,1786826677045
24.859,1786826676925
24.859,1786826676813
24.859,1786826676699
24.859,1786826676589
24.859,1786826676472
24.859,1786826676350
24.859,1786826676238
24.859,1786826676123
24.859,1786826675900
24.85,1786826675665
24.85,1786826675551
24.85,1786826675325
24.85,1786826675202
24.85,1786826675090
24.85,1786826674976
24.85,1786826674749
24.877,1786826674627
24.877,1786826674515
24.877,1786826674403
24.877,1786826674286
24.877,1786826674173
24.877,1786826674051
24.877,1786826673939
24.877,1786826673827
24.877,1786826673710
24.877,1786826673597
24.841,1786826673476
24.841,1786826673364
24.841,1786826673252
24.841,1786826673141
24.841,1786826673030
24.841,1786826672918
24.841,1786826672796
24.841,1786826672567
24.841,1786826672455
24.841,1786826672342
24.841,1786826672220
24.841,1786826672108
24.841,1786826671991
24.841,1786826671879
24.841,1786826671767
24.841,1786826671645
24.841,1786826671533
24.841,1786826671417
24.841,1786826671305
24.841,1786826671193
24.859,1786826671071
24.859,1786826670959
24.859,1786826670844
24.859,1786826670732
24.859,1786826670620
24.859,1786826670498
24.859,1786826670386
24.859,1786826670269
24.859,1786826670157
24.859,1786826670045
24.886,1786826669923
24.886,1786826669693
24.886,1786826669581
24.886,1786826669470
24.886,1786826669346
24.886,1786826669238
24.886,1786826669121
24.886,1786826669009
24.886,1786826668897
24.922,1786826668775
24.922,1786826668663
24.922,1786826668546
24.922,1786826668434
24.922,1786826668322
24.922,1786826668200
24.922,1786826668088
24.922,1786826667976
24.922,1786826667863
24.922,1786826667752
24.922,1786826667639
24.859,1786826667517
24.859,1786826667401
24.859,1786826667289
24.859,1786826667177
24.859,1786826667066
24.859,1786826666944
24.859,1786826666827
24.859,1786826666715
24.859,1786826666603
24.859,1786826666489
24.886,1786826666374
24.886,1786826666257
24.886,1786826666145
24.886,1786826666033
24.886,1786826665921
24.886,1786826665799
24.886,1786826665682
24.886,1786826665570
24.886,1786826665458
24.886,1786826665346
24.841,1786826665224
24.841,1786826665108
24.841,1786826664996
24.841,1786826664884
24.841,1786826664772
24.841,1786826664650
24.841,1786826664535
24.841,1786826664423
24.841,1786826664311
24.841,1786826664197
24.904,1786826664082
24.904,1786826663965
24.904,1786826663740
24.904,1786826663627
24.904,1786826663395
24.904,1786826663283
24.904,1786826663171
24.904,1786826663056
24.904,1786826662946
24.823,1786826662819
24.823,1786826662707
24.823,1786826662595
24.823,1786826662481
24.823,1786826662375
24.823,1786826662247
24.823,1786826662135
24.823,1786826661910
24.823,1786826661800
24.868,1786826661673
24.868,1786826661561
24.868,1786826661449
24.868,1786826661337
24.868,1786826661225
24.868,1786826661098
24.868,1786826660986
24.868,1786826660875
24.868,1786826660763
24.868,1786826660650
24.841,1786826660523
24.841,1786826660411
24.841,1786826660299
24.841,1786826660185
24.841,1786826660076
24.841,1786826659950
24.841,1786826659725
24.841,1786826659502
24.922,1786826659375
24.922,1786826659263
24.922,1786826659151
24.922,1786826659037
24.922,1786826658928
24.922,1786826658689
24.922,1786826658577
24.922,1786826658463
24.922,1786826658353
24.859,1786826658227
24.859,1786826658114
24.859,1786826658002
24.859,1786826657889
24.859,1786826657779
24.859,1786826657663
24.859,1786826657541
24.859,1786826657429
24.859,1786826657315
24.859,1786826657205
24.859,1786826657088
24.832,1786826656966
24.832,1786826656854
24.832,1786826656742
24.832,1786826656630
24.832,1786826656518
24.832,1786826656396
24.832,1786826656284
24.832,1786826656172
24.832,1786826655943
24.841,1786826655821
24.841,1786826655709
24.841,1786826655597
24.841,1786826655480
24.841,1786826655368
24.841,1786826655246
24.841,1786826655134
24.841,1786826655020
24.841,1786826654910
24.841,1786826654794
24.841,1786826654672
24.841,1786826654560
24.841,1786826654336
24.841,1786826654220
24.841,1786826654098
24.841,1786826653986
24.841,1786826653873
24.841,1786826653761
24.841,1786826653644
24.805,1786826653523
24.805,1786826653411
24.805,1786826653298
24.805,1786826653181
24.805,1786826653069
24.805,1786826652947
24.805,1786826652835
24.805,1786826652722
24.805,1786826652605
24.805,1786826652493
24.805,1786826652381
24.922,1786826652147
24.922,1786826651923
24.922,1786826651809
24.922,1786826651687
24.922,1786826651575
24.922,1786826651458
24.922,1786826651346
24.922,1786826651234
24.841,1786826651111
24.841,1786826650882
24.841,1786826650770
24.841,1786826650537
24.841,1786826650425
24.841,1786826650308
24.841,1786826650196
24.877,1786826649962
24.877,1786826649851
24.877,1786826649733
24.877,1786826649622
24.877,1786826649388
24.877,1786826649276
24.877,1786826649159
24.877,1786826649047
24.877,1786826648936
24.85,1786826648813
24.85,1786826648702
24.85,1786826648585
24.85,1786826648473
24.85,1786826648361
24.859,1786826629096
24.859,1786826628984
24.877,1786826628862
24.877,1786826628744
24.877,1786826628631
24.877,1786826628519
24.877,1786826628406
24.877,1786826628287
24.877,1786826628170
24.877,1786826628058
24.877,1786826627946
24.877,1786826627831
24.904,1786826627712
24.904,1786826627595
24.904,1786826627483
24.904,1786826627371
24.904,1786826627257
24.904,1786826627021
24.904,1786826626909
24.904,1786826626797
24.904,1786826626685
24.841,1786826626446
24.841,1786826626333
24.841,1786826626220
24.841,1786826626108
24.841,1786826625874
24.841,1786826625763
24.841,1786826625651
24.841,1786826625537
24.841,1786826625427
24.895,1786826625300
24.895,1786826625188
24.895,1786826625076
24.895,1786826624962
24.895,1786826624852
24.895,1786826624726
24.895,1786826624614
24.895,1786826624502
24.895,1786826624388
24.895,1786826624278
24.877,1786826624151
24.877,1786826624039
24.877,1786826623927
24.877,1786826623813
24.877,1786826623703
24.877,1786826623577
24.877,1786826623465
24.877,1786826623353
24.877,1786826623126
24.841,1786826623005
24.841,1786826622893
24.841,1786826622781
24.841,1786826622670
24.841,1786826622553
24.841,1786826622319
24.841,1786826622207
24.841,1786826622094
24.841,1786826621980
24.868,1786826621859
24.868,1786826621747
24.868,1786826621635
24.868,1786826621523
24.868,1786826621408
24.868,1786826621286
24.868,1786826621174
24.868,1786826621062
24.868,1786826620950
24.868,1786826620834
24.868,1786826620723
24.859,1786826620487
24.859,1786826620377
24.859,1786826620261
24.859,1786826620147
24.859,1786826620026
24.859,1786826619913
24.859,1786826619802
24.859,1786826619686
24.859,1786826619574
24.922,1786826619453
24.922,1786826619340
24.922,1786826619232
24.922,1786826619115
24.922,1786826619002
24.922,1786826618882
24.922,1786826618767
24.922,1786826618657
24.922,1786826618541
24.922,1786826618429
24.868,1786826618307
24.868,1786826618195
24.868,1786826618083
24.868,1786826617971
24.868,1786826617858
24.868,1786826617736
24.868,1786826617622
24.868,1786826617398
24.868,1786826617286
24.877,1786826617164
24.877,1786826617050
24.877,1786826616824
24.877,1786826616712
24.877,1786826616590
24.877,1786826616476
24.877,1786826616248
24.877,1786826616136
24.877,1786826616014
24.877,1786826615901
24.877,1786826615790
24.877,1786826615674
24.877,1786826615562
24.877,1786826615450
24.877,1786826615326
24.877,1786826615215
24.877,1786826615099
24.877,1786826614987
24.877,1786826614874
24.895,1786826614752
24.895,1786826614523
24.895,1786826614411
24.895,1786826614299
24.895,1786826614065
24.895,1786826613837
24.895,1786826613725
24.922,1786826613603
24.922,1786826613487
24.922,1786826613263
24.922,1786826613152
24.922,1786826613030
24.922,1786826612914
24.922,1786826612803
24.922,1786826612691
24.922,1786826612579
24.877,1786826612458
24.877,1786826612342
24.877,1786826612230
24.877,1786826612118
24.877,1786826612006
24.877,1786826611884
24.877,1786826611767
24.877,1786826611655
24.877,1786826611543
24.877,1786826611431
24.957,1786826611310
24.957,1786826611193
24.957,1786826611081
24.957,1786826610969
24.957,1786826610857
24.957,1786826610735
24.957,1786826610620
24.957,1786826610508
24.957,1786826610396
24.957,1786826610284
24.957,1786826610172
24.895,1786826610046
24.895,1786826609934
24.895,1786826609822
24.895,1786826609710
24.895,1786826609597
24.895,1786826609472
24.895,1786826609360
24.895,1786826609248
24.895,1786826609136
24.895,1786826609024
24.859,1786826608901
24.859,1786826608789
24.859,1786826608677
24.859,1786826608565
24.859,1786826608453
24.859,1786826608327
24.859,1786826608215
24.859,1786826608103
24.859,1786826607989
24.859,1786826607878
24.868,1786826607640
24.868,1786826607528
24.868,1786826607415
24.868,1786826607304
24.868,1786826607067
24.868,1786826606955
24.868,1786826606843
24.868,1786826606732
24.841,1786826606605
24.841,1786826606493
24.841,1786826606381
24.841,1786826606269
24.841,1786826606154
24.841,1786826606032
24.841,1786826605920
24.841,1786826605808
24.841,1786826605696
24.841,1786826605580
24.904,1786826605458
24.904,1786826605346
24.904,1786826605234
24.904,1786826605122
24.904,1786826605006
24.904,1786826604772
24.904,1786826604660
24.904,1786826604548
24.904,1786826604432
24.904,1786826604319
24.859,1786826604197
24.859,1786826604085
24.859,1786826603973
24.859,1786826603856
24.859,1786826603744
24.859,1786826603623
24.859,1786826603510
24.859,1786826603401
24.859,1786826603284
24.859,1786826603172
24.868,1786826602938
24.868,1786826602826
24.868,1786826602711
24.868,1786826602599
24.868,1786826602478
24.868,1786826602254
24.868,1786826602139
24.868,1786826602027
24.913,1786826601905
24.913,1786826601791
24.913,1786826601681
24.913,1786826601565
24.913,1786826601453
24.913,1786826601331
24.913,1786826601217
24.913,1786826600992
24.913,1786826600880
24.913,1786826600758
24.913,1786826600644
24.913,1786826600418
24.913,1786826600306
24.913,1786826600183
24.913,1786826600069
24.913,1786826599959
24.913,1786826599843
24.913,1786826599731
24.922,1786826599497
24.922,1786826599385
24.922,1786826599268
24.922,1786826599156
24.922,1786826599044
24.922,1786826598922
24.922,1786826598805
24.922,1786826598693
24.922,1786826598581
24.868,1786826598347
24.868,1786826598229
24.868,1786826598118
24.868,1786826598005
24.868,1786826597893
24.868,1786826597656
24.868,1786826597544
24.868,1786826597433
24.868,1786826597321
24.859,1786826597199
24.859,1786826597082
24.859,1786826596970
24.859,1786826596858
24.859,1786826596746
24.859,1786826596624
24.859,1786826596507
24.859,1786826596395
24.859,1786826596283
24.859,1786826596171
24.886,1786826596049
24.886,1786826595937
24.886,1786826595825
24.886,1786826595713
24.886,1786826595601
24.886,1786826595479
24.886,1786826595362
24.886,1786826595250
24.886,1786826595138
24.886,1786826595024
24.904,1786826594787
24.904,1786826594675
24.904,1786826594563
24.904,1786826594449
24.904,1786826594212
24.904,1786826594100
24.904,1786826593988
24.904,1786826593874
24.904,1786826593764
24.886,1786826593638
24.886,1786826593414
24.886,1786826593300
24.886,1786826593190
24.886,1786826593064
24.886,1786826592840
24.886,1786826592726
24.886,1786826592616
24.922,1786826592490
24.922,1786826592378
24.922,1786826592266
24.922,1786826592154
24.922,1786826591915
24.922,1786826591803
24.922,1786826591690
24.922,1786826591578
24.922,1786826591466
24.904,1786826591227
24.904,1786826591115
24.904,1786826591003
24.904,1786826590763
24.904,1786826590539
24.904,1786826590427
24.895,1786826590188
24.895,1786826589964
24.895,1786826589852
24.895,1786826589624
24.895,1786826589502
24.895,1786826589278
24.895,1786826589048
24.94,1786826588814
24.94,1786826588702
24.94,1786826588473
24.94,1786826588239
24.94,1786826588127
24.94,1786826587898
24.94,1786826587664
24.94,1786826587552
24.94,1786826586977
24.94,1786826586865
24.94,1786826586753
24.975,1786826586631
24.975,1786826586517
24.975,1786826586411
24.975,1786826586294
24.975,1786826586182
24.975,1786826586060
24.975,1786826585946
24.975,1786826585836
24.975,1786826585720
24.975,1786826585608
24.948,1786826585486
24.948,1786826585372
24.948,1786826585262
24.948,1786826585146
24.948,1786826585034
24.948,1786826584912
24.948,1786826584798
24.948,1786826584572
24.948,1786826584460
24.948,1786826584348
24.877,1786826584224
24.877,1786826583998
24.877,1786826583886
24.877,1786826583773
24.877,1786826583650
24.877,1786826583533
24.877,1786826583421
24.877,1786826583309
24.877,1786826583198
24.886,1786826583076
24.886,1786826582846
24.886,1786826582733
24.886,1786826582622
24.886,1786826582500
24.886,1786826582271
24.886,1786826582159
24.886,1786826582047
24.931,1786826581925
24.931,1786826581696
24.931,1786826581584
24.931,1786826581472
24.931,1786826581350
24.931,1786826581233
24.931,1786826581121
24.931,1786826581009
24.931,1786826580897
24.913,1786826580775
24.913,1786826580662
24.913,1786826580550
24.913,1786826580438
24.913,1786826580326
24.913,1786826580204
24.913,1786826580087
24.913,1786826579975
24.913,1786826579863
24.913,1786826579751
24.877,1786826579629
24.877,1786826579513
24.877,1786826579402
24.877,1786826579290
24.877,1786826579178
24.877,1786826579066
24.877,1786826578940
24.877,1786826578826
24.877,1786826578603
24.877,1786826578490
24.957,1786826578363
24.957,1786826578027
24.957,1786826577915
24.957,1786826577788
24.957,1786826577676
24.957,1786826577564
24.957,1786826577452
24.957,1786826577340
24.931,1786826577214
24.931,1786826577102
24.931,1786826576990
24.931,1786826576878
24.931,1786826576765
24.931,1786826576640
24.931,1786826576529
24.931,1786826576416
24.931,1786826576304
24.931,1786826576192
24.895,1786826576068
24.895,1786826575956
24.895,1786826575844
24.895,1786826575731
24.895,1786826575620
24.895,1786826575494
24.895,1786826575382
24.895,1786826575270
24.895,1786826575157
24.895,1786826575047
24.877,1786826574921
24.877,1786826574809
24.877,1786826574697
24.877,1786826574473
24.877,1786826574347
24.877,1786826574235
24.877,1786826574123
24.877,1786826573899
24.877,1786826573783
24.904,1786826573661
24.904,1786826573549
24.904,1786826573435
24.904,1786826573327
24.904,1786826573209
24.904,1786826573086
24.904,1786826572974
24.904,1786826572860
24.904,1786826572749
24.904,1786826572633
24.904,1786826572511
24.904,1786826572399
24.904,1786826572286
24.904,1786826572060
24.904,1786826571938
24.904,1786826571826
24.904,1786826571712
24.904,1786826571603
24.904,1786826571486
24.904,1786826571364
24.904,1786826571252
24.904,1786826571138
24.904,1786826571028
24.904,1786826570912
24.904,1786826570678
24.904,1786826570566
24.904,1786826570337
24.966,1786826570103
24.966,1786826569991
24.966,1786826569879
24.966,1786826569762
24.966,1786826569640
24.966,1786826569528
24.966,1786826569187
24.868,1786826569064
24.868,1786826568952
24.868,1786826568841
24.868,1786826568611
24.868,1786826568499
24.868,1786826568378
24.868,1786826568266
24.868,1786826568152
24.868,1786826568040
24.868,1786826567927
24.904,1786826567805
24.904,1786826567693
24.904,1786826567576
24.904,1786826567464
24.904,1786826567352
24.904,1786826567230
24.904,1786826567118
24.904,1786826567001
24.904,1786826566889
24.94,1786826566655
24.94,1786826566543
24.94,1786826566426
24.94,1786826566314
24.94,1786826566202
24.94,1786826565968
24.94,1786826565851
24.94,1786826565739
24.94,1786826565627
24.877,1786826565504
24.877,1786826565392
24.877,1786826565276
24.877,1786826565165
24.877,1786826565052
24.877,1786826564928
24.877,1786826564819
24.877,1786826564702
24.877,1786826564590
24.877,1786826564478
24.975,1786826564356
24.975,1786826564244
24.975,1786826564127
24.975,1786826564015
24.975,1786826563902
24.975,1786826563779
24.975,1786826563670
24.975,1786826563553
24.975,1786826563441
24.975,1786826563215
24.913,1786826563096
24.913,1786826562979
24.913,1786826562867
24.913,1786826562755
24.913,1786826562641
24.913,1786826562523
24.913,1786826562406
24.913,1786826562294
24.913,1786826562182
24.913,1786826562068
24.841,1786826561948
24.841,1786826561832
24.841,1786826561720
24.841,1786826561608
24.841,1786826561496
24.841,1786826561369
24.841,1786826561257
24.841,1786826561145
24.841,1786826561033
24.841,1786826560922
24.931,1786826560795
24.931,1786826560683
24.931,1786826560571
24.931,1786826560459
24.931,1786826560221
24.931,1786826560109
24.931,1786826559998
24.931,1786826559885
24.931,1786826559773
24.886,1786826559425
24.886,1786826559313
24.886,1786826559201
24.886,1786826559075
24.886,1786826558963
24.886,1786826558851
24.886,1786826558738
24.886,1786826558626
24.895,1786826558504
24.895,1786826558392
24.895,1786826558280
24.895,1786826558056
24.895,1786826557939
24.895,1786826557817
24.895,1786826557705
24.895,1786826557481
24.895,1786826557365
24.931,1786826557242
24.931,1786826557130
24.931,1786826557018
24.931,1786826556906
24.931,1786826556789
24.931,1786826556667
24.931,1786826556555
24.931,1786826556442
24.931,1786826556330
24.931,1786826556212
24.841,1786826556090
24.841,1786826555979
24.841,1786826555867
24.841,1786826555755
24.841,1786826555638
24.841,1786826555516
24.841,1786826555404
24.841,1786826555292
24.841,1786826555061
24.877,1786826554939
24.877,1786826554828
24.877,1786826554715
24.877,1786826554603
24.877,1786826554485
24.877,1786826554363
24.877,1786826554251
24.877,1786826554139
24.877,1786826554027
24.877,1786826553910
24.922,1786826553788
24.922,1786826553676
24.922,1786826553564
24.922,1786826553452
24.922,1786826553335
24.922,1786826553213
24.922,1786826553102
24.922,1786826552990
24.922,1786826552879
24.922,1786826552762
24.922,1786826552650
24.877,1786826552529
24.877,1786826552417
24.877,1786826552305
24.877,1786826552189
24.877,1786826552076
24.877,1786826551954
24.877,1786826551840
24.877,1786826551734
24.877,1786826551617
24.877,1786826551505
24.922,1786826551383
24.922,1786826551269
24.922,1786826551159
24.922,1786826551043
24.922,1786826550931
24.922,1786826550809
24.922,1786826550695
24.922,1786826550585
24.922,1786826550469
24.922,1786826550357
24.993,1786826550236
24.993,1786826550125
24.993,1786826550008
24.993,1786826549897
24.993,1786826549785
24.993,1786826549663
24.993,1786826549553
24.993,1786826549436
24.993,1786826549323
24.993,1786826549211
24.913,1786826549090
24.913,1786826548977
24.913,1786826548860
24.913,1786826548748
24.913,1786826548636
24.913,1786826548514
24.913,1786826548402
24.913,1786826548285
24.913,1786826548173
24.913,1786826548060
24.895,1786826547938
24.895,1786826547826
24.895,1786826547708
24.895,1786826547597
24.895,1786826547485
24.895,1786826547371
24.895,1786826547138
24.895,1786826547026
24.895,1786826546914
24.895,1786826546802
24.913,1786826546679
24.913,1786826546563
24.913,1786826546451
24.913,1786826546339
24.913,1786826546225
24.913,1786826545989
24.913,1786826545877
24.913,1786826545651
24.922,1786826545531
24.922,1786826545415
24.922,1786826545303
24.922,1786826545191
24.922,1786826545079
24.922,1786826544957
24.922,1786826544840
24.922,1786826544727
24.922,1786826544615
24.922,1786826544503
24.931,1786826544382
24.931,1786826544265
24.931,1786826544153
24.931,1786826544041
24.931,1786826543927
24.931,1786826543807
24.931,1786826543691
24.931,1786826543579
24.931,1786826543467
24.904,1786826543233
24.904,1786826543005
24.904,1786826542893
24.904,1786826542781
24.904,1786826542655
24.904,1786826542543
24.904,1786826542431
24.904,1786826542207
24.904,1786826542096
24.957,1786826541856
24.957,1786826541744
24.957,1786826541630
24.957,1786826541519
24.957,1786826541281
24.957,1786826541169
24.957,1786826540945
24.877,1786826540706
24.877,1786826540594
24.877,1786826540370
24.877,1786826540133
24.877,1786826540020
24.877,1786826539906
24.877,1786826539796
24.895,1786826539558
24.895,1786826539446
24.895,1786826539334
24.895,1786826539096
24.895,1786826538984
24.895,1786826538872
24.895,1786826538760
24.966,1786826538522
24.966,1786826538410
24.966,1786826538298
24.966,1786826538186
24.966,1786826538070
24.966,1786826537948
24.966,1786826537836
24.966,1786826537724
24.966,1786826537612
24.922,1786826537378
24.922,1786826537266
24.922,1786826537154
24.922,1786826537041
24.922,1786826536925
24.922,1786826536692
24.922,1786826536581
24.922,1786826536240
24.957,1786826536118
24.957,1786826535894
24.957,1786826535778
24.957,1786826535665
24.957,1786826535543
24.957,1786826535432
24.957,1786826535319
24.957,1786826535203
24.957,1786826535091
24.948,1786826534969
24.948,1786826534856
24.948,1786826534745
24.948,1786826534630
24.948,1786826534517
24.948,1786826534394
24.948,1786826534282
24.948,1786826534170
24.948,1786826534054
24.948,1786826533942
24.94,1786826533820
24.94,1786826533708
24.94,1786826533481
24.94,1786826533369
24.94,1786826533247
24.94,1786826533136
24.94,1786826533024
24.94,1786826532908
24.94,1786826532796
24.957,1786826532674
24.957,1786826532562
24.957,1786826532450
24.957,1786826532334
24.957,1786826532222
24.957,1786826532100
24.957,1786826531988
24.957,1786826531876
24.957,1786826531760
24.957,1786826531648
24.913,1786826531414
24.913,1786826531302
24.913,1786826531185
24.913,1786826531072
24.913,1786826530959
24.913,1786826530837
24.913,1786826530724
24.913,1786826530608
24.913,1786826530496
24.913,1786826530385
24.957,1786826530263
24.957,1786826530151
24.957,1786826529923
24.957,1786826529811
24.957,1786826529689
24.957,1786826529577
24.957,1786826529462
24.957,1786826529350
24.957,1786826529238
24.904,1786826529116
24.904,1786826529004
24.904,1786826528889
24.904,1786826528777
24.904,1786826528665
24.904,1786826528431
24.904,1786826528315
24.904,1786826528203
24.904,1786826528091
24.913,1786826527857
24.913,1786826527741
24.913,1786826527517
24.913,1786826527393
24.913,1786826527167
24.913,1786826526943
24.931,1786826526710
24.931,1786826526593
24.931,1786826526255
24.931,1786826526136
24.931,1786826526017
24.931,1786826525905
24.931,1786826525793
24.931,1786826525680
24.922,1786826525559
24.922,1786826525444
24.922,1786826525332
24.922,1786826525106
24.922,1786826524870
24.922,1786826524758
24.922,1786826524532
24.957,1786826524413
24.957,1786826524296
24.957,1786826524184
24.957,1786826523960
24.957,1786826523838
24.957,1786826523722
24.957,1786826523610
24.957,1786826523498
24.957,1786826523384
24.975,1786826523264
24.975,1786826523147
24.975,1786826523035
24.975,1786826522923
24.975,1786826522810
24.975,1786826522691
24.975,1786826522574
24.975,1786826522462
24.975,1786826522236
24.922,1786826522119
24.922,1786826522002
24.922,1786826521890
24.922,1786826521778
24.922,1786826521553
24.922,1786826521426
24.922,1786826521314
24.922,1786826521202
24.922,1786826521089
24.922,1786826520978
24.975,1786826520852
24.975,1786826520740
24.975,1786826520628
24.975,1786826520514
24.975,1786826520404
24.975,1786826520278
24.975,1786826520166
24.975,1786826520054
24.975,1786826519940
24.975,1786826519830
24.868,1786826519704
24.868,1786826519592
24.868,1786826519480
24.868,1786826519366
24.868,1786826519130
24.868,1786826519017
24.868,1786826518905
24.868,1786826518793
24.868,1786826518676
24.922,1786826518555
24.922,1786826518444
24.922,1786826518332
24.922,1786826518219
24.922,1786826518103
24.922,1786826517980
24.922,1786826517868
24.922,1786826517756
24.922,1786826517644
24.922,1786826517527
24.931,1786826517405
24.931,1786826517181
24.931,1786826517069
24.931,1786826516952
24.931,1786826516831
24.931,1786826516608
24.931,1786826516494
24.931,1786826516384
24.966,1786826516146
24.966,1786826516034
24.966,1786826515920
24.966,1786826515810
24.966,1786826515693
24.966,1786826515571
24.966,1786826515459
24.966,1786826515347
24.966,1786826515235
24.975,1786826515001
24.975,1786826514889
24.975,1786826514777
24.975,1786826514665
24.975,1786826514549
24.975,1786826514427
24.975,1786826514315
24.975,1786826514203
24.975,1786826514086
24.975,1786826513974
24.975,1786826513852
24.975,1786826513740
24.975,1786826513626
24.975,1786826513515
24.975,1786826513400
24.975,1786826513165
24.975,1786826513053
24.975,1786826512936
24.975,1786826512825
24.975,1786826512703
24.975,1786826512591
24.975,1786826512479
24.975,1786826512362
24.975,1786826512127
24.975,1786826512015
24.975,1786826511903
24.975,1786826511786
24.975,1786826511675
24.913,1786826511553
24.913,1786826511441
24.913,1786826511329
24.913,1786826511212
24.913,1786826511100
24.913,1786826510988
24.913,1786826510866
24.913,1786826510754
24.913,1786826510637
24.913,1786826510525
24.913,1786826510412
24.94,1786826510290
24.94,1786826510178
24.94,1786826510061
24.94,1786826509949
24.94,1786826509837
24.94,1786826509715
24.94,1786826509604
24.94,1786826509488
24.94,1786826509376
24.94,1786826509264
24.94,1786826509141
24.94,1786826509030
24.94,1786826508912
24.94,1786826508800
24.94,1786826508688
24.94,1786826508566
24.94,1786826508454
24.94,1786826508337
24.94,1786826508225
24.94,1786826508113
24.931,1786826507991
24.931,1786826507879
24.931,1786826507762
24.931,1786826507650
24.931,1786826507538
24.931,1786826507416
24.931,1786826507304
24.931,1786826507187
24.931,1786826507075
24.931,1786826506962
24.913,1786826506840
24.913,1786826506728
24.913,1786826506611
24.913,1786826506499
24.913,1786826506387
24.913,1786826506265
24.913,1786826506153
24.913,1786826506036
24.913,1786826505700
24.931,1786826505461
24.931,1786826505349
24.931,1786826505237
24.931,1786826505125
24.931,1786826504888
24.931,1786826504776
24.931,1786826504552
24.984,1786826504430
24.984,1786826504313
24.984,1786826504201
24.984,1786826503977
24.984,1786826503738
24.984,1786826503626
24.984,1786826503402
24.993,1786826503168
24.993,1786826503056
24.993,1786826502944
24.993,1786826502710
24.993,1786826502593
24.993,1786826502481
24.993,1786826502369
24.993,1786826502257
24.993,1786826502135
24.993,1786826502018
24.993,1786826501906
24.993,1786826501794
24.993,1786826501682
24.993,1786826501560
24.993,1786826501443
24.993,1786826501331
24.993,1786826501219
24.993,1786826501107
24.966,1786826500985
24.966,1786826500868
24.966,1786826500755
24.966,1786826500643
24.966,1786826500531
24.966,1786826500419
24.966,1786826500293
24.966,1786826500181
24.966,1786826500069
24.966,1786826499844
25.029,1786826499717
25.029,1786826499605
25.029,1786826499493
25.029,1786826499381
25.029,1786826499269
25.029,1786826499142
25.029,1786826499030
25.029,1786826498918
25.029,1786826498806
25.029,1786826498694
24.931,1786826498567
24.931,1786826498455
24.931,1786826498342
24.931,1786826498118
24.931,1786826497996
24.931,1786826497884
24.931,1786826497772
24.931,1786826497660
24.931,1786826497548
24.931,1786826497424
24.931,1786826497312
24.931,1786826497200
24.931,1786826497088
24.931,1786826496976
24.931,1786826496848
24.931,1786826496624
24.931,1786826496512
24.931,1786826496400
24.975,1786826496273
24.975,1786826496161
24.975,1786826496049
24.975,1786826495937
24.975,1786826495825
24.975,1786826495700
24.975,1786826495588
24.975,1786826495476
24.975,1786826495364
24.975,1786826495252
24.975,1786826495135
24.94,1786826495013
24.94,1786826494901
24.94,1786826494787
24.94,1786826494678
24.94,1786826494560
24.94,1786826494438
24.94,1786826494212
24.94,1786826494103
24.94,1786826493986
24.957,1786826493864
24.957,1786826493752
24.957,1786826493638
24.957,1786826493528
24.957,1786826493412
24.957,1786826493290
24.957,1786826493064
24.957,1786826492955
24.957,1786826492839
24.94,1786826492716
24.94,1786826492604
24.94,1786826492491
24.94,1786826492381
24.94,1786826492143
24.94,1786826492031
24.94,1786826491918
24.94,1786826491806
24.913,1786826491570
24.913,1786826491457
24.913,1786826491345
24.913,1786826491228
24.913,1786826491116
24.913,1786826490994
24.913,1786826490882
24.913,1786826490770
24.913,1786826490653
24.913,1786826490541
24.966,1786826490307
24.966,1786826490195
24.966,1786826490078
24.966,1786826489966
24.966,1786826489854
24.966,1786826489732
24.966,1786826489620
24.966,1786826489503
24.966,1786826489391
24.966,1786826489278
24.957,1786826489043
24.957,1786826488931
24.957,1786826488819
24.957,1786826488707
24.957,1786826488586
24.957,1786826488357
24.957,1786826488245
24.993,1786826488011
24.993,1786826487781
24.993,1786826487669
24.993,1786826487557
24.993,1786826487435
24.993,1786826487206
24.993,1786826487094
24.975,1786826486860
24.975,1786826486748
24.975,1786826486631
24.975,1786826486285
24.975,1786826486173
24.975,1786826486055
24.975,1786826485943
24.966,1786826485709
24.966,1786826485597
24.966,1786826485480
24.966,1786826485368
24.966,1786826485257
24.966,1786826485132
24.966,1786826485023
24.966,1786826484906
24.966,1786826484794
24.966,1786826484682
24.966,1786826484568
24.948,1786826484447
24.948,1786826484331
24.948,1786826484219
24.948,1786826484107
24.948,1786826483995
24.948,1786826483872
24.948,1786826483757
24.948,1786826483645
24.948,1786826483533
24.948,1786826483420
24.94,1786826483298
24.94,1786826483181
24.94,1786826483069
24.94,1786826482845
24.94,1786826482606
24.94,1786826482494
24.94,1786826482382
24.966,1786826482143
24.966,1786826482031
24.966,1786826481919
24.966,1786826481807
24.966,1786826481695
24.966,1786826481568
24.966,1786826481456
24.966,1786826481344
24.966,1786826481232
24.966,1786826481120
24.966,1786826480993
24.966,1786826480881
24.966,1786826480769
24.966,1786826480657
24.966,1786826480422
24.966,1786826480197
24.966,1786826480086
24.966,1786826479973
24.948,1786826479846
24.948,1786826479622
24.948,1786826479511
24.948,1786826479398
24.948,1786826479283
24.948,1786826479162
24.948,1786826479049
24.948,1786826478937
24.948,1786826478825
24.948,1786826478706
24.993,1786826478472
24.993,1786826478360
24.993,1786826478247
24.993,1786826478130
24.993,1786826478008
24.993,1786826477896
24.993,1786826477784
24.993,1786826477672
24.993,1786826477554
24.913,1786826477432
24.913,1786826477320
24.913,1786826477206
24.913,1786826477100
24.913,1786826476983
24.913,1786826476861
24.913,1786826476750
24.913,1786826476529
24.913,1786826476413
24.966,1786826476290
24.966,1786826476065
24.966,1786826475956
24.966,1786826475840
24.966,1786826475718
24.966,1786826475606
24.966,1786826475492
24.966,1786826475385
24.966,1786826475268
24.993,1786826475147
24.993,1786826475035
24.993,1786826474921
24.993,1786826474696
24.993,1786826474574
24.993,1786826474462
24.993,1786826474350
24.993,1786826474233
24.993,1786826474010
24.993,1786826473888
24.993,1786826473774
24.993,1786826473665
24.993,1786826473549
24.993,1786826473436
24.993,1786826473314
24.993,1786826473202
24.993,1786826472973
24.993,1786826472861
25.002,1786826472739
25.002,1786826472627
25.002,1786826472510
25.002,1786826472398
25.002,1786826472286
25.002,1786826472164
25.002,1786826472052
25.002,1786826471935
25.002,1786826471823
25.002,1786826471711
25.002,1786826471589
25.002,1786826471477
25.002,1786826471360
25.002,1786826471248
25.002,1786826471136
25.002,1786826471014
25.002,1786826470902
25.002,1786826470785
25.002,1786826470673
25.002,1786826470561
25.029,1786826470439
25.029,1786826470327
25.029,1786826470210
25.029,1786826470098
25.029,1786826469985
25.029,1786826469863
25.029,1786826469751
25.029,1786826469634
25.029,1786826469522
25.029,1786826469410
24.993,1786826469286
24.993,1786826469177
24.993,1786826469059
24.993,1786826468947
24.993,1786826468835
24.993,1786826468721
24.993,1786826468602
24.993,1786826468483
24.993,1786826468371
24.993,1786826468259
24.993,1786826468146
25.011,1786826468027
25.011,1786826467910
25.011,1786826467686
25.011,1786826467572
25.011,1786826467451
25.011,1786826467335
25.011,1786826467223
25.011,1786826467112
25.011,1786826466998
25.173,1786826466878
25.173,1786826466762
25.173,1786826466650
25.173,1786826466538
25.173,1786826466424
25.173,1786826466304
25.173,1786826466188
25.173,1786826466076
25.173,1786826465965
25.173,1786826465853
25.245,1786826465726
25.245,1786826465614
25.245,1786826465502
25.245,1786826465391
25.245,1786826465279
25.245,1786826465153
25.245,1786826464929
25.245,1786826464817
25.245,1786826464705
25.2,1786826464579
25.2,1786826464467
25.2,1786826464355
25.2,1786826464131
25.2,1786826464004
25.2,1786826463892
25.2,1786826463780
25.2,1786826463556
25.2,1786826463439
25.236,1786826463317
25.236,1786826463205
25.236,1786826462981
25.236,1786826462863
25.236,1786826462741
25.236,1786826462629
25.236,1786826462405
25.236,1786826462288
25.2,1786826462054
25.2,1786826461830
25.2,1786826461714
25.2,1786826461480
25.2,1786826461368
25.2,1786826461256
25.2,1786826461139
25.218,1786826461018
25.218,1786826460906
25.218,1786826460792
25.218,1786826460683
25.218,1786826460566
25.218,1786826460444
25.218,1786826460332
25.218,1786826460218
25.218,1786826460109
25.218,1786826459991
25.182,1786826459869
25.182,1786826459758
25.182,1786826459534
25.182,1786826459418
25.182,1786826459296
25.182,1786826459184
25.182,1786826459071
25.182,1786826458960
25.182,1786826458844
25.2,1786826458611
25.2,1786826458498
25.2,1786826458388
25.2,1786826458038
25.2,1786826457926
25.2,1786826457809
25.2,1786826457697
25.2,1786826457584
25.245,1786826457462
25.245,1786826457350
25.245,1786826457233
25.245,1786826457121
25.245,1786826457009
25.245,1786826456887
25.245,1786826456775
25.245,1786826456660
25.245,1786826456548
25.245,1786826456436
25.263,1786826456314
25.263,1786826456202
25.263,1786826456085
25.263,1786826455972
25.263,1786826455860
25.263,1786826455626
25.263,1786826455513
25.263,1786826455401
25.2,1786826455167
25.2,1786826455055
25.2,1786826454826
25.2,1786826454592
25.2,1786826454480
25.2,1786826454364
25.2,1786826454252
25.2,1786826454140
25.218,1786826454018
25.218,1786826453905
25.218,1786826453791
25.218,1786826453679
25.218,1786826453567
25.218,1786826453445
25.218,1786826453331
25.218,1786826453217
25.218,1786826453105
25.218,1786826452993
25.218,1786826452881
25.209,1786826452759
25.209,1786826452644
25.209,1786826452420
25.209,1786826452308
25.209,1786826452186
25.209,1786826452069
25.209,1786826451957
25.209,1786826451845
25.209,1786826451732
25.263,1786826451612
25.263,1786826451497
25.263,1786826451385
25.263,1786826451273
25.263,1786826451161
25.263,1786826451039
25.263,1786826450925
25.263,1786826450814
25.263,1786826450702
25.263,1786826450588
25.227,1786826450469
25.227,1786826450353
25.227,1786826450241
25.227,1786826450129
25.227,1786826450015
25.227,1786826449780
25.227,1786826449668
25.227,1786826449556
25.227,1786826449444
25.2,1786826449322
25.2,1786826449206
25.2,1786826449094
25.2,1786826448982
25.2,1786826448868
25.2,1786826448747
25.2,1786826448631
25.2,1786826448407
25.2,1786826448293
25.2,1786826448183
25.263,1786826448056
25.263,1786826447944
25.263,1786826447832
25.263,1786826447607
25.263,1786826447368
25.263,1786826447256
25.263,1786826447144
25.263,1786826447027
25.2,1786826446791
25.2,1786826446680
25.2,1786826446568
25.2,1786826446452
25.2,1786826446218
25.2,1786826446106
25.2,1786826445994
25.2,1786826445878
25.245,1786826445756
25.245,1786826445532
25.245,1786826445420
25.245,1786826445304
25.245,1786826445182
25.245,1786826444958
25.245,1786826444846
25.182,1786826444608
25.182,1786826444384
25.182,1786826444272
25.182,1786826444034
25.182,1786826443810
25.182,1786826443698
25.182,1786826443582
25.2,1786826443461
25.2,1786826443236
25.2,1786826443128
25.2,1786826443011
25.2,1786826442899
25.2,1786826442665
25.2,1786826442553
25.2,1786826442438
25.2,1786826442325
25.2,1786826442203
25.2,1786826442089
25.2,1786826441981
25.2,1786826441752
25.2,1786826441630
25.2,1786826441406
25.2,1786826441290
25.245,1786826441057
25.245,1786826440943
25.245,1786826440834
25.245,1786826440716
25.245,1786826440604
25.245,1786826440482
25.245,1786826440369
25.245,1786826440258
25.245,1786826440141
25.245,1786826440029
25.218,1786826439908
25.218,1786826439794
25.218,1786826439567
25.218,1786826439333
25.218,1786826439221
25.218,1786826439110
25.218,1786826438993
25.227,1786826438759
25.227,1786826438647
25.227,1786826438531
25.227,1786826438419
25.227,1786826438307
25.227,1786826438185
25.227,1786826438073
25.227,1786826437845
25.227,1786826437621
25.209,1786826437499
25.209,1786826437270
25.209,1786826437158
25.209,1786826437046
25.209,1786826436924
25.209,1786826436808
25.209,1786826436696
25.209,1786826436584
25.209,1786826436472
25.263,1786826436350
25.263,1786826436234
25.263,1786826436122
25.263,1786826435897
25.263,1786826435775
25.263,1786826435659
25.263,1786826435547
25.263,1786826435433
25.263,1786826435321
25.245,1786826435199
25.245,1786826435082
25.245,1786826434970
25.245,1786826434859
25.245,1786826434625
25.245,1786826434508
25.245,1786826434169
25.236,1786826434049
25.236,1786826433933
25.236,1786826433821
25.236,1786826433709
25.236,1786826433595
25.236,1786826433475
25.236,1786826433359
25.236,1786826433247
25.236,1786826433024
25.236,1786826432913
25.227,1786826432680
25.227,1786826432568
25.227,1786826432455
25.227,1786826432345
25.227,1786826432219
25.227,1786826432107
25.227,1786826431995
25.227,1786826431880
25.227,1786826431770
25.227,1786826431644
25.227,1786826431531
25.227,1786826431418
25.227,1786826431194
25.227,1786826431068
25.227,1786826430957
25.227,1786826430845
25.227,1786826430731
25.227,1786826430621
25.218,1786826430383
25.218,1786826430271
25.218,1786826430159
25.218,1786826430047
25.218,1786826429925
25.218,1786826429701
25.218,1786826429589
25.245,1786826429349
25.245,1786826429238
25.245,1786826429126
25.245,1786826429014
25.245,1786826428897
25.245,1786826428775
25.245,1786826428663
25.245,1786826428551
25.245,1786826428439
25.245,1786826428322
25.272,1786826428200
25.272,1786826428088
25.272,1786826427976
25.272,1786826427864
25.272,1786826427747
25.272,1786826427636
25.272,1786826427514
25.272,1786826427402
25.272,1786826427290
25.272,1786826427173
25.272,1786826427061
25.164,1786826426939
25.164,1786826426827
25.164,1786826426715
25.164,1786826426365
25.164,1786826426253
25.164,1786826426141
25.164,1786826426024
25.164,1786826425912
25.272,1786826425789
25.272,1786826425677
25.272,1786826425565
25.272,1786826425448
25.272,1786826425214
25.272,1786826424991
25.272,1786826424874
25.272,1786826424763
25.38,1786826424641
25.38,1786826424527
25.38,1786826424301
25.38,1786826424189
25.38,1786826424067
25.38,1786826423952
25.38,1786826423726
25.38,1786826423614
25.452,1786826423492
25.452,1786826423378
25.452,1786826423268
25.452,1786826423152
25.452,1786826423040
25.452,1786826422918
25.452,1786826422804
25.452,1786826422694
25.452,1786826422578
25.452,1786826422466
25.452,1786826422354
25.488,1786826422230
25.488,1786826422120
25.488,1786826422004
25.488,1786826421892
25.488,1786826421780
25.488,1786826421658
25.488,1786826421546
25.488,1786826421429
25.488,1786826421205
25.461,1786826421081
25.461,1786826420971
25.461,1786826420855
25.461,1786826420743
25.461,1786826420631
25.461,1786826420509
25.461,1786826420392
25.461,1786826420280
25.461,1786826420168
25.461,1786826420056
25.515,1786826419934
25.515,1786826419817
25.515,1786826419705
25.515,1786826419593
25.515,1786826419481
25.515,1786826419243
25.515,1786826419131
25.515,1786826419019
25.515,1786826418907
25.542,1786826418785
25.542,1786826418668
25.542,1786826418443
25.542,1786826418332
25.542,1786826418209
25.542,1786826418093
25.542,1786826417869
25.542,1786826417757
25.506,1786826417635
25.506,1786826417518
25.506,1786826417294
25.506,1786826417182
25.506,1786826417070
25.506,1786826416943
25.506,1786826416719
25.506,1786826416605
25.506,1786826416494
25.452,1786826416364
25.452,1786826416252
25.452,1786826416140
25.452,1786826416026
25.452,1786826415916
25.452,1786826415790
25.452,1786826415678
25.452,1786826415566
25.452,1786826415454
25.452,1786826415337
25.497,1786826415215
25.497,1786826415103
25.497,1786826414991
25.497,1786826414879
25.497,1786826414762
25.497,1786826414640
25.497,1786826414528
25.497,1786826414416
25.497,1786826414304
25.497,1786826414187
25.479,1786826414065
25.479,1786826413953
25.479,1786826413841
25.479,1786826413729
25.479,1786826413613
25.479,1786826413267
25.479,1786826413155
25.497,1786826412914
25.497,1786826412802
25.497,1786826412690
25.497,1786826412578
25.497,1786826412461
25.497,1786826412339
25.497,1786826412227
25.497,1786826412115
25.497,1786826412003
25.497,1786826411886
25.497,1786826411774
25.515,1786826411652
25.515,1786826411540
25.515,1786826411428
25.515,1786826411314
25.515,1786826411143
25.515,1786826411021
25.515,1786826410909
25.515,1786826410792
25.515,1786826410680
25.515,1786826410568
25.551,1786826410446
25.551,1786826410334
25.551,1786826410217
25.551,1786826410105
25.551,1786826409993
25.551,1786826409871
25.551,1786826409759
25.551,1786826409642
25.551,1786826409530
25.551,1786826409418
25.533,1786826409294
25.533,1786826409182
25.533,1786826409065
25.533,1786826408953
25.533,1786826408841
25.533,1786826408722
25.533,1786826408610
25.533,1786826408493
25.533,1786826408381
25.533,1786826408269
25.515,1786826408147
25.515,1786826408035
25.515,1786826407919
25.515,1786826407807
25.515,1786826407695
25.515,1786826407573
25.515,1786826407461
25.515,1786826407344
25.515,1786826407232
25.515,1786826407120
25.533,1786826406886
25.533,1786826406770
25.533,1786826406658
25.533,1786826406546
25.533,1786826406434
25.533,1786826406312
25.533,1786826406195
25.533,1786826406083
25.533,1786826405971
25.533,1786826405859
25.524,1786826405737
25.524,1786826405606
25.524,1786826405479
25.524,1786826405229
25.524,1786826405060
25.524,1786826404937
25.524,1786826404810
25.524,1786826404684
25.524,1786826404572
25.542,1786826404406
25.542,1786826404266
25.542,1786826404139
25.542,1786826403895
25.542,1786826403731
25.542,1786826403589
25.542,1786826403448
25.542,1786826403331
25.542,1786826403206
25.569,1786826402933
25.569,1786826402773
25.569,1786826402647
25.569,1786826402535
25.569,1786826402413
25.569,1786826402121
25.569,1786826401979
25.569,1786826401870
25.569,1786826401743
25.551,1786826401601
25.551,1786826401450
25.551,1786826401310
25.551,1786826401198
25.551,1786826401068
25.551,1786826400947
25.551,1786826400794
25.551,1786826400653
25.551,1786826400263
25.551,1786826399988
25.551,1786826399856
25.551,1786826399745
25.551,1786826399610
25.551,1786826399338
25.551,1786826399060
25.488,1786826398938
25.488,1786826398814
25.488,1786826398670
25.488,1786826398532
25.488,1786826398391
25.488,1786826398258
25.488,1786826398141
25.488,1786826397859
25.488,1786826397717
25.551,1786826397575
25.551,1786826397449
25.551,1786826397199
25.551,1786826397053
25.551,1786826396904
25.551,1786826396778
25.551,1786826396666
25.551,1786826396545
25.551,1786826396407
25.551,1786826396252
25.506,1786826396117
25.506,1786826395877
25.506,1786826395735
25.506,1786826395593
25.506,1786826395443
25.506,1786826395328
25.506,1786826395201
25.506,1786826395078
25.506,1786826394939
25.533,1786826394769
25.533,1786826394643
25.533,1786826394531
25.533,1786826394419
25.533,1786826394270
25.533,1786826393975
25.533,1786826393848
25.533,1786826393608
25.524,1786826393308
25.524,1786826393182
25.524,1786826392945
25.524,1786826392795
25.524,1786826392515
25.524,1786826392385
25.524,1786826392273
25.488,1786826392128
25.488,1786826391842
25.488,1786826391715
25.488,1786826391590
25.488,1786826391469
25.488,1786826391027
25.488,1786826390915
25.488,1786826390804
25.533,1786826390496
25.533,1786826390358
25.533,1786826390246
25.533,1786826390115
25.533,1786826389966
25.533,1786826389825
25.533,1786826389685
25.533,1786826389552
25.533,1786826389440
25.542,1786826389305
25.542,1786826389148
25.542,1786826389005
25.542,1786826388878
25.542,1786826388751
25.542,1786826388629
25.542,1786826388488
25.542,1786826388327
25.542,1786826388200
25.542,1786826388074
25.551,1786826387942
25.551,1786826387811
25.551,1786826387672
25.551,1786826387531
25.551,1786826387405
25.551,1786826387271
25.551,1786826387162
25.551,1786826387021
25.551,1786826386869
25.551,1786826386725
25.578,1786826386603
25.578,1786826386477
25.578,1786826386352
25.578,1786826386214
25.578,1786826386052
25.578,1786826385916
25.578,1786826385804
25.578,1786826385693
25.578,1786826385536
25.578,1786826385396
25.578,1786826385257
25.56,1786826385138
25.56,1786826385008
25.56,1786826384882
25.56,1786826384731
25.56,1786826384589
25.56,1786826384462
25.56,1786826384335
25.56,1786826384212
25.56,1786826383917
25.533,1786826383777
25.533,1786826383651
25.533,1786826383539
25.533,1786826383400
25.533,1786826383240
25.533,1786826383088
25.533,1786826382976
25.533,1786826382850
25.533,1786826382718
25.533,1786826382564
25.533,1786826382290
25.533,1786826382159
25.533,1786826382047
25.533,1786826381905
25.533,1786826381742
25.533,1786826381615
25.533,1786826381487
25.533,1786826381375
25.533,1786826381248
25.533,1786826381082
25.533,1786826380939
25.533,1786826380812
25.533,1786826380686
25.533,1786826380575
25.533,1786826380268
25.533,1786826380145
25.533,1786826379906
25.533,1786826379765
25.551,1786826379599
25.551,1786826379473
25.551,1786826379347
25.551,1786826379231
25.551,1786826378942
25.551,1786826378805
25.551,1786826378674
25.551,1786826378548
25.551,1786826378436
25.569,1786826378301
25.569,1786826378156
25.569,1786826378017
25.569,1786826377779
25.569,1786826377643
25.569,1786826377499
25.569,1786826377346
25.569,1786826377219
25.569,1786826377107
25.524,1786826376983
25.524,1786826376831
25.524,1786826376691
25.524,1786826376552
25.524,1786826376421
25.524,1786826376301
25.524,1786826376161
25.524,1786826376023
25.524,1786826375861
25.524,1786826375749
25.542,1786826375613
25.542,1786826375487
25.542,1786826375360
25.542,1786826375243
25.542,1786826374939
25.542,1786826374798
25.542,1786826374681
25.542,1786826374555
25.542,1786826374432
25.542,1786826374292
25.578,1786826374121
25.578,1786826373995
25.578,1786826373868
25.578,1786826373756
25.578,1786826373609
25.578,1786826373443
25.578,1786826373317
25.578,1786826373191
25.578,1786826373082
25.578,1786826372938
25.569,1786826372789
25.569,1786826372650
25.569,1786826372525
25.569,1786826372408
25.569,1786826372149
25.569,1786826372009
25.569,1786826371866
25.569,1786826371754
25.569,1786826371627
25.533,1786826371491
25.533,1786826371192
25.533,1786826371066
25.533,1786826370954
25.533,1786826370832
25.533,1786826370674
25.533,1786826370536
25.533,1786826370397
25.533,1786826370285
25.578,1786826370145
25.578,1786826370022
25.578,1786826369867
25.578,1786826369728
25.578,1786826369611
25.578,1786826369475
25.578,1786826369364
25.578,1786826369211
25.578,1786826369070
25.578,1786826368924
25.578,1786826368812
25.524,1786826368690
25.524,1786826368551
25.524,1786826368393
25.524,1786826368253
25.524,1786826368141
25.524,1786826368005
25.524,1786826367874
25.524,1786826367733
25.524,1786826367579
25.524,1786826367453
25.605,1786826367331
25.605,1786826367215
25.605,1786826367076
25.605,1786826366781
25.605,1786826366643
25.605,1786826366531
25.605,1786826366407
25.605,1786826366252
25.605,1786826366106
25.551,1786826365972
25.551,1786826365860
25.551,1786826365736
25.551,1786826365297
25.551,1786826365171
25.551,1786826365055
25.551,1786826364916
25.551,1786826364763
25.533,1786826364627
25.533,1786826364501
25.533,1786826364385
25.533,1786826364242
25.533,1786826364101
25.533,1786826363950
25.533,1786826363820
25.533,1786826363693
25.533,1786826363567
25.533,1786826363266
25.533,1786826363129
25.533,1786826363017
25.533,1786826362891
25.533,1786826362612
25.533,1786826362352
25.533,1786826362229
25.533,1786826362100
25.533,1786826361976
25.515,1786826361811
25.515,1786826361687
25.515,1786826361570
25.515,1786826361458
25.515,1786826361325
25.515,1786826361162
25.515,1786826361016
25.515,1786826360907
25.515,1786826360780
25.515,1786826360657
25.533,1786826360507
25.533,1786826360348
25.533,1786826360236
25.533,1786826360110
25.533,1786826359998
25.533,1786826359832
25.533,1786826359678
25.533,1786826359552
25.533,1786826359443
25.533,1786826359313
25.506,1786826359179
25.506,1786826359028
25.506,1786826358886
25.506,1786826358755
25.506,1786826358643
25.506,1786826358506
25.506,1786826358350
25.506,1786826358206
25.506,1786826357969
25.506,1786826357859
25.56,1786826357695
25.56,1786826357547
25.56,1786826357406
25.56,1786826357280
25.56,1786826357168
25.56,1786826357017
25.56,1786826356875
25.56,1786826356739
25.56,1786826356612
25.56,1786826356482
25.542,1786826356360
25.542,1786826356207
25.542,1786826356083
25.542,1786826355942
25.542,1786826355826
25.542,1786826355690
25.542,1786826355564
25.542,1786826355414
25.542,1786826355267
25.542,1786826355155
25.569,1786826355019
25.569,1786826354907
25.569,1786826354754
25.569,1786826354488
25.569,1786826354239
25.569,1786826354099
25.569,1786826353837
25.551,1786826353715
25.551,1786826353583
25.551,1786826353471
25.551,1786826353318
25.551,1786826353180
25.551,1786826353038
25.551,1786826352912
25.551,1786826352800
25.551,1786826352664
25.551,1786826352521
25.551,1786826352381
25.533,1786826352245
25.533,1786826352133
25.533,1786826351848
25.533,1786826351712
25.533,1786826351575
25.533,1786826351449
25.533,1786826351333
25.533,1786826351197
25.533,1786826351057
25.542,1786826350779
25.542,1786826350667
25.542,1786826350540
25.542,1786826350384
25.542,1786826350230
25.542,1786826350089
25.542,1786826349977
25.542,1786826349865
25.542,1786826349704
25.524,1786826349553
25.524,1786826349412
25.524,1786826349300
25.524,1786826349175
25.524,1786826349044
25.524,1786826348895
25.524,1786826348743
25.524,1786826348620
25.524,1786826348503
25.524,1786826348391
25.533,1786826348094
25.533,1786826347947
25.533,1786826347820
25.533,1786826347708
25.533,1786826347558
25.533,1786826347415
25.533,1786826347276
25.533,1786826347150
25.533,1786826347025
25.533,1786826346916
25.542,1786826346760
25.542,1786826346606
25.542,1786826346237
25.542,1786826346103
25.542,1786826345949
25.542,1786826345810
25.542,1786826345678
25.542,1786826345551
25.56,1786826345432
25.56,1786826345293
25.56,1786826345138
25.56,1786826345011
25.56,1786826344884
25.56,1786826344768
25.56,1786826344636
25.56,1786826344385
25.56,1786826344245
25.578,1786826344098
25.578,1786826343966
25.578,1786826343840
25.578,1786826343728
25.578,1786826343588
25.578,1786826343425
25.578,1786826343301
25.578,1786826343174
25.578,1786826343062
25.578,1786826342919
25.551,1786826342769
25.551,1786826342628
25.551,1786826342502
25.551,1786826342378
25.551,1786826342262
25.551,1786826341959
25.551,1786826341833
25.551,1786826341706
25.551,1786826341594
25.551,1786826341453
25.533,1786826341302
25.533,1786826341143
25.533,1786826341034
25.533,1786826340907
25.533,1786826340780
25.533,1786826340627
25.533,1786826340487
25.533,1786826340361
25.533,1786826340235
25.533,1786826340125
25.551,1786826339972
25.551,1786826339691
25.551,1786826339567
25.551,1786826339450
25.551,1786826339315
25.551,1786826339190
25.551,1786826339049
25.551,1786826338905
25.551,1786826338796
25.488,1786826338659
25.488,1786826338535
25.488,1786826338379
25.488,1786826338111
25.488,1786826337976
25.488,1786826337864
25.488,1786826337705
25.488,1786826337566
25.488,1786826337443
25.506,1786826337306
25.506,1786826337190
25.506,1786826337051
25.506,1786826336897
25.506,1786826336760
25.506,1786826336636
25.506,1786826336509
25.506,1786826336383
25.506,1786826336244
25.506,1786826336102
25.506,1786826335962
25.452,1786826335826
25.452,1786826335714
25.452,1786826335571
25.452,1786826335430
25.452,1786826335156
25.452,1786826335024
25.452,1786826334913
25.452,1786826334762
25.452,1786826334624
25.578,1786826334487
25.578,1786826334355
25.578,1786826334243
25.578,1786826334101
25.578,1786826333945
25.578,1786826333803
25.578,1786826333565
25.578,1786826333438
25.578,1786826333278
25.515,1786826333113
25.515,1786826332987
25.515,1786826332875
25.515,1786826332743
25.515,1786826332605
25.515,1786826332438
25.515,1786826332314
25.515,1786826332200
25.515,1786826332073
25.515,1786826331949
25.524,1786826331782
25.524,1786826331637
25.524,1786826331525
25.524,1786826331399
25.524,1786826331287
25.524,1786826331126
25.524,1786826330981
25.524,1786826330841
25.524,1786826330729
25.524,1786826330617
25.524,1786826330479
25.497,1786826330330
25.497,1786826330194
25.497,1786826330067
25.497,1786826329937
25.497,1786826329825
25.497,1786826329525
25.497,1786826329397
25.497,1786826329270
25.497,1786826329158
25.569,1786826329012
25.569,1786826328871
25.569,1786826328725
25.569,1786826328599
25.569,1786826328472
25.569,1786826328350
25.569,1786826328194
25.569,1786826328058
25.569,1786826327934
25.569,1786826327807
25.506,1786826327540
25.506,1786826327386
25.506,1786826327245
25.506,1786826326997
25.506,1786826326871
25.506,1786826326730
25.506,1786826326579
25.506,1786826326462
25.506,1786826326340
25.506,1786826326231
25.506,1786826326090
25.506,1786826325931
25.506,1786826325791
25.506,1786826325668
25.506,1786826325543
25.506,1786826325273
25.506,1786826325118
25.506,1786826324991
25.515,1786826324870
25.515,1786826324737
25.515,1786826324596
25.515,1786826324454
25.515,1786826324315
25.515,1786826324173
25.515,1786826324061
25.515,1786826323934
25.515,1786826323780
25.515,1786826323637
25.542,1786826323377
25.542,1786826323265
25.542,1786826323120
25.542,1786826322967
25.542,1786826322819
25.542,1786826322707
25.542,1786826322577
25.542,1786826322453
25.542,1786826322311
25.506,1786826322149
25.506,1786826322018
25.506,1786826321906
25.506,1786826321794
25.506,1786826321643
25.506,1786826321482
25.506,1786826321352
25.506,1786826321114
25.506,1786826320974
25.515,1786826320820
25.515,1786826320680
25.515,1786826320554
25.515,1786826320442
25.515,1786826320319
25.515,1786826320149
25.515,1786826320009
25.515,1786826319884
25.515,1786826319775
25.515,1786826319658
25.515,1786826319522
25.497,1786826319356
25.497,1786826319216
25.497,1786826318973
25.497,1786826318847
25.497,1786826318680
25.497,1786826318534
25.497,1786826318411
25.497,1786826318299
25.497,1786826318172
25.452,1786826318024
25.452,1786826317862
25.452,1786826317736
25.452,1786826317500
25.452,1786826317347
25.452,1786826317207
25.452,1786826317070
25.452,1786826316943
25.452,1786826316813
25.488,1786826316535
25.488,1786826316380
25.488,1786826316250
25.488,1786826316137
25.488,1786826316015
25.488,1786826315862
25.488,1786826315718
25.488,1786826315464
25.497,1786826315327
25.497,1786826315203
25.497,1786826315043
25.497,1786826314917
25.497,1786826314791
25.497,1786826314655
25.497,1786826314539
25.497,1786826314389
25.497,1786826314234
25.497,1786826314123
25.542,1786826313980
25.542,1786826313853
25.542,1786826313741
25.542,1786826313629
25.542,1786826313486
25.542,1786826313349
25.542,1786826313072
25.542,1786826312961
25.542,1786826312833
25.542,1786826312693
25.353,1786826312534
25.353,1786826312408
25.353,1786826312277
25.353,1786826312165
25.353,1786826312026
25.353,1786826311864
25.353,1786826311732
25.353,1786826311605
25.353,1786826311479
25.353,1786826311353
25.299,1786826311203
25.299,1786826311048
25.299,1786826310936
25.299,1786826310809
25.299,1786826310527
25.299,1786826310245
25.299,1786826310136
25.299,1786826310004
25.326,1786826309869
25.326,1786826309716
25.326,1786826309448
25.326,1786826309336
25.326,1786826309199
25.326,1786826309061
25.326,1786826308900
25.326,1786826308774
25.326,1786826308648
25.29,1786826308526
25.29,1786826308380
25.29,1786826308238
25.29,1786826308101
25.29,1786826307978
25.29,1786826307852
25.29,1786826307587
25.29,1786826307433
25.281,1786826307059
25.281,1786826306922
25.281,1786826306768
25.281,1786826306623
25.281,1786826306511
25.281,1786826306376
25.281,1786826306264
25.281,1786826306107
25.281,1786826305966
25.281,1786826305840
25.281,1786826305705
25.281,1786826305593
25.281,1786826305447
25.281,1786826305293
25.281,1786826305153
25.281,1786826305033
25.281,1786826304901
25.281,1786826304777
25.281,1786826304626
25.281,1786826304485
25.272,1786826304354
25.272,1786826304227
25.272,1786826304115
25.272,1786826303977
25.272,1786826303822
25.272,1786826303687
25.272,1786826303560
25.272,1786826303448
25.272,1786826303308
25.272,1786826303162
25.317,1786826303017
25.317,1786826302890
25.317,1786826302767
25.317,1786826302650
25.317,1786826302497
25.317,1786826302204
25.317,1786826302090
25.317,1786826301978
25.317,1786826301839
25.317,1786826301697
25.281,1786826301545
25.281,1786826301421
25.281,1786826301294
25.281,1786826301186
25.281,1786826301040
25.281,1786826300877
25.281,1786826300750
25.281,1786826300638
25.281,1786826300526
25.281,1786826300379
25.29,1786826300219
25.29,1786826300077
25.29,1786826299967
25.29,1786826299835
25.29,1786826299708
25.29,1786826299557
25.29,1786826299404
25.29,1786826299276
25.29,1786826299150
25.29,1786826299038
25.335,1786826298894
25.335,1786826298748
25.335,1786826298610
25.335,1786826298486
25.335,1786826298374
25.335,1786826298237
25.335,1786826298097
25.335,1786826297943
25.335,1786826297816
25.335,1786826297705
25.299,1786826297580
25.299,1786826297439
25.299,1786826297286
25.299,1786826297145
25.299,1786826297028
25.299,1786826296902
25.299,1786826296768
25.299,1786826296628
25.299,1786826296468
25.299,1786826296341
25.299,1786826296229
25.299,1786826296109
25.299,1786826295949
25.299,1786826295684
25.299,1786826295557
25.299,1786826295439
25.299,1786826295297
25.299,1786826295003
25.299,1786826294877
25.236,1786826294627
25.236,1786826294488
25.236,1786826294353
25.236,1786826294208
25.236,1786826293961
25.236,1786826293836
25.236,1786826293674
25.236,1786826293534
25.317,1786826293416
25.317,1786826293289
25.317,1786826293178
25.317,1786826293019
25.317,1786826292879
25.317,1786826292729
25.317,1786826292602
25.317,1786826292489
25.317,1786826292353
25.317,1786826292217
25.299,1786826292067
25.299,1786826291939
25.299,1786826291827
25.299,1786826291701
25.299,1786826291552
25.299,1786826291414
25.299,1786826291272
25.299,1786826291146
25.299,1786826291034
25.299,1786826290908
25.299,1786826290767
25.317,1786826290616
25.317,1786826290490
25.317,1786826290378
25.317,1786826290256
25.317,1786826290110
25.317,1786826289948
25.317,1786826289807
25.317,1786826289698
25.317,1786826289582
25.29,1786826289284
25.29,1786826289142
25.29,1786826289026
25.29,1786826288900
25.29,1786826288789
25.29,1786826288627
25.29,1786826288467
25.29,1786826288340
25.29,1786826288228
25.29,1786826288102
25.281,1786826287951
25.281,1786826287810
25.281,1786826287670
25.281,1786826287558
25.281,1786826287434
25.281,1786826287292
25.281,1786826287156
25.281,1786826287002
25.281,1786826286876
25.281,1786826286760
25.254,1786826286640
25.254,1786826286499
25.254,1786826286347
25.254,1786826286204
25.254,1786826286092
25.254,1786826285966
25.254,1786826285829
25.254,1786826285671
25.254,1786826285530
25.254,1786826285406
25.254,1786826285294
25.2,1786826285158
25.2,1786826284995
25.2,1786826284859
25.2,1786826284732
25.2,1786826284606
25.2,1786826284481
25.2,1786826284339
25.2,1786826284186
25.2,1786826284059
25.2,1786826283929
25.029,1786826283800
25.029,1786826283688
25.029,1786826283534
25.029,1786826283376
25.029,1786826283128
25.029,1786826283015
25.029,1786826282888
25.029,1786826282772
25.029,1786826282632
25.02,1786826282487
25.02,1786826282347
25.02,1786826282214
25.02,1786826282102
25.02,1786826281980
25.02,1786826281815
25.02,1786826281674
25.02,1786826281551
25.02,1786826281425
25.02,1786826281313
25.038,1786826281164
25.038,1786826281011
25.038,1786826280885
25.038,1786826280774
25.038,1786826280647
25.038,1786826280517
25.038,1786826280213
25.038,1786826280086
25.038,1786826279972
25.038,1786826279860
25.056,1786826279702
25.056,1786826279561
25.056,1786826279417
25.056,1786826279291
25.056,1786826279179
25.056,1786826279030
25.056,1786826278871
25.056,1786826278733
25.056,1786826278494
25.02,1786826278372
25.02,1786826278214
25.02,1786826277948
25.02,1786826277823
25.02,1786826277699
25.02,1786826277562
25.02,1786826277426
25.02,1786826277285
25.02,1786826277158
25.038,1786826277018
25.038,1786826276906
25.038,1786826276753
25.038,1786826276611
25.038,1786826276479
25.038,1786826276343
25.038,1786826276231
25.038,1786826276096
25.038,1786826275949
25.038,1786826275812
25.038,1786826275675
25.038,1786826275551
25.038,1786826275280
25.038,1786826275158
25.038,1786826275031
25.038,1786826274895
25.038,1786826274641
25.038,1786826274500
25.011,1786826274219
25.011,1786826274095
25.011,1786826273983
25.011,1786826273829
25.011,1786826273547
25.011,1786826273421
25.011,1786826273309
25.011,1786826273167
25.011,1786826273027
25.02,1786826272882
25.02,1786826272758
25.02,1786826272650
25.02,1786826272520
25.02,1786826272366
25.02,1786826272221
25.02,1786826272095
25.02,1786826271851
25.02,1786826271714
25.029,1786826271553
25.029,1786826271423
25.029,1786826271297
25.029,1786826271185
25.029,1786826271044
25.029,1786826270891
25.029,1786826270735
25.029,1786826270623
25.029,1786826270497
25.029,1786826270387
25.065,1786826270074
25.065,1786826269951
25.065,1786826269709
25.065,1786826269586
25.065,1786826269420
25.065,1786826269280
25.065,1786826269151
25.065,1786826269039
25.101,1786826268748
25.101,1786826268592
25.101,1786826268480
25.101,1786826268354
25.101,1786826268244
25.101,1786826268081
25.101,1786826267935
25.101,1786826267795
25.101,1786826267683
25.101,1786826267560
25.101,1786826267421
25.101,1786826267132
25.101,1786826267023
25.101,1786826266894
25.101,1786826266774
25.101,1786826266621
25.101,1786826266482
25.101,1786826266336
25.101,1786826266224
25.047,1786826266092
25.047,1786826265969
25.047,1786826265817
25.047,1786826265672
25.047,1786826265545
25.047,1786826265423
25.047,1786826265297
25.047,1786826265162
25.047,1786826265022
25.047,1786826264880
25.056,1786826264760
25.056,1786826264630
25.056,1786826264506
25.056,1786826264366
25.056,1786826264212
25.056,1786826264080
25.056,1786826263958
25.056,1786826263846
25.056,1786826263694
25.056,1786826263555
25.056,1786826263407
25.029,1786826263285
25.029,1786826263159
25.029,1786826263033
25.029,1786826262879
25.029,1786826262738
25.029,1786826262604
25.029,1786826262492
25.029,1786826262362
25.029,1786826262221
25.029,1786826262066
25.11,1786826261931
25.11,1786826261805
25.11,1786826261548
25.11,1786826261407
25.11,1786826261259
25.11,1786826261015
25.11,1786826260888
25.11,1786826260734
25.056,1786826260585
25.056,1786826260460
25.056,1786826260334
25.056,1786826260222
25.056,1786826260084
25.056,1786826259927
25.056,1786826259786
25.056,1786826259660
25.056,1786826259548
25.056,1786826259417
25.065,1786826259255
25.065,1786826259116
25.065,1786826258989
25.065,1786826258751
25.065,1786826258613
25.065,1786826258453
25.065,1786826258310
25.065,1786826258198
25.065,1786826258072
25.065,1786826257961
25.083,1786826257794
25.083,1786826257654
25.083,1786826257528
25.083,1786826257403
25.083,1786826257291
25.083,1786826257144
25.083,1786826257003
25.083,1786826256864
25.083,1786826256737
25.083,1786826256620
25.101,1786826256487
25.101,1786826256338
25.101,1786826256200
25.101,1786826256068
25.101,1786826255942
25.101,1786826255822
25.101,1786826255681
25.101,1786826255526
25.101,1786826255399
25.101,1786826255273
25.065,1786826255151
25.065,1786826255011
25.065,1786826254871
25.065,1786826254716
25.065,1786826254605
25.065,1786826254468
25.065,1786826254338
25.065,1786826254200
25.065,1786826254049
25.065,1786826253929
25.038,1786826253788
25.038,1786826253676
25.038,1786826253538
25.038,1786826253400
25.038,1786826253260
25.038,1786826253134
25.038,1786826252997
25.038,1786826252889
25.038,1786826252743
25.038,1786826252589
25.038,1786826252463
25.101,1786826252330
25.101,1786826252218
25.101,1786826252086
25.101,1786826251975
25.101,1786826251835
25.101,1786826251685
25.101,1786826251539
25.101,1786826251286
25.101,1786826251175
25.02,1786826250869
25.02,1786826250746
25.02,1786826250619
25.02,1786826250507
25.02,1786826250354
25.02,1786826250231
25.02,1786826250090
25.02,1786826249964
25.02,1786826249850
25.038,1786826249579
25.038,1786826249440
25.038,1786826249295
25.038,1786826249171
25.038,1786826249035
25.038,1786826248909
25.038,1786826248763
25.038,1786826248630
25.038,1786826248503
25.056,1786826248381
25.056,1786826248270
25.056,1786826248129
25.056,1786826247988
25.056,1786826247848
25.056,1786826247723
25.056,1786826247596
25.056,1786826247471
25.056,1786826247321
25.056,1786826247185
25.056,1786826247054
25.056,1786826246920
25.056,1786826246810
25.056,1786826246668
25.056,1786826246366
25.056,1786826246248
25.056,1786826246122
25.056,1786826245999
25.056,1786826245853
25.056,1786826245705
25.074,1786826245458
25.074,1786826245345
25.074,1786826245193
25.074,1786826245053
25.074,1786826244906
25.074,1786826244789
25.074,1786826244663
25.074,1786826244537
25.029,1786826244230
25.029,1786826244103
25.029,1786826243991
25.029,1786826243879
25.029,1786826243724
25.029,1786826243555
25.029,1786826243428
25.029,1786826243318
25.029,1786826243192
25.029,1786826243076
25.083,1786826242912
25.083,1786826242775
25.083,1786826242649
25.083,1786826242536
25.083,1786826242424
25.083,1786826242288
25.083,1786826242124
25.083,1786826241980
25.083,1786826241868
25.083,1786826241744
25.083,1786826241619
25.074,1786826241468
25.074,1786826241307
25.074,1786826241199
25.074,1786826241072
25.074,1786826240964
25.074,1786826240797
25.074,1786826240656
25.074,1786826240515
25.074,1786826240403
25.074,1786826240272
25.056,1786826240137
25.056,1786826239983
25.056,1786826239846
25.056,1786826239730
25.056,1786826239603
25.056,1786826239481
25.056,1786826239330
25.056,1786826239189
25.056,1786826239043
25.056,1786826238931
25.056,1786826238810
25.056,1786826238671
25.056,1786826238515
25.056,1786826238373
25.056,1786826238261
25.056,1786826238129
25.056,1786826238012
25.056,1786826237859
25.056,1786826237719
25.056,1786826237579
25.047,1786826237453
25.047,1786826237327
25.047,1786826237201
25.047,1786826237050
25.047,1786826236909
25.047,1786826236797
25.047,1786826236660
25.047,1786826236533
25.047,1786826236394
25.047,1786826236247
25.047,1786826236106
25.065,1786826235984
25.065,1786826235872
25.065,1786826235726
25.065,1786826235572
25.065,1786826235447
25.065,1786826235182
25.065,1786826235059
25.065,1786826234918
25.065,1786826234763
25.056,1786826234642
25.056,1786826234515
25.056,1786826234403
25.056,1786826234251
25.056,1786826233963
25.056,1786826233851
25.056,1786826233728
25.056,1786826233602
25.056,1786826233458
25.074,1786826233297
25.074,1786826233171
25.074,1786826232933
25.074,1786826232790
25.011,1786826218151
25.011,1786826217639
25.011,1786826217512
25.011,1786826217400
25.011,1786826217288
25.011,1786826217064
24.957,1786826216938
24.957,1786826216826
24.957,1786826216714
24.957,1786826216600
24.957,1786826216490
24.957,1786826216364
24.957,1786826216252
24.957,1786826216140
24.957,1786826216028
24.957,1786826215916
24.966,1786826215789
24.966,1786826215677
24.993,1786826183888
24.993,1786826183776
24.993,1786826183664
24.993,1786826183552
24.993,1786826183314
24.993,1786826183202
24.993,1786826183088
24.993,1786826182977
24.984,1786826182738
24.984,1786826182626
24.984,1786826182514
24.984,1786826182164
24.984,1786826182052
24.984,1786826181940
24.984,1786826181828
24.913,1786826181702
24.913,1786826181590
24.913,1786826181478
24.913,1786826181366
24.913,1786826181254
24.913,1786826181129
24.913,1786826181017
24.913,1786826180905
24.913,1786826180791
24.913,1786826180685
24.975,1786826180558
24.975,1786826180446
24.975,1786826180334
24.975,1786826180220
24.975,1786826180111
24.975,1786826179872
24.975,1786826179760
24.975,1786826179646
24.975,1786826179539
24.993,1786826179412
24.993,1786826179300
24.993,1786826179188
24.993,1786826179074
24.993,1786826178838
24.993,1786826178726
24.993,1786826178614
24.993,1786826178500
24.993,1786826178390
24.993,1786826178274
25.029,1786826178152
25.029,1786826177928
25.029,1786826177816
25.029,1786826177698
25.029,1786826177576
25.029,1786826177352
25.029,1786826177235
25.029,1786826177123
25.065,1786826177001
25.065,1786826176889
25.065,1786826176777
25.065,1786826176660
25.065,1786826176548
25.065,1786826176426
25.065,1786826176314
25.065,1786826176202
25.065,1786826176087
25.065,1786826175975
25.02,1786826175853
25.02,1786826175741
25.02,1786826175512
25.02,1786826175400
25.02,1786826175278
25.02,1786826175164
25.02,1786826175055
25.02,1786826174938
25.02,1786826174826
25.02,1786826174590
25.02,1786826174481
25.02,1786826174364
25.02,1786826174252
25.02,1786826174018
25.02,1786826173907
25.02,1786826173790
25.02,1786826173678
25.065,1786826173556
25.065,1786826173444
25.065,1786826173327
25.065,1786826173215
25.065,1786826173103
25.065,1786826172991
25.065,1786826172869
25.065,1786826172752
25.065,1786826172640
25.065,1786826172528
25.065,1786826172416
25.101,1786826172294
25.101,1786826172179
25.101,1786826171955
25.101,1786826171843
25.101,1786826171606
25.101,1786826171494
25.101,1786826171382
25.101,1786826171270
25.047,1786826171148
25.047,1786826171031
25.047,1786826170919
25.047,1786826170807
25.047,1786826170693
25.047,1786826170574
25.047,1786826170457
25.047,1786826170345
25.047,1786826170119
25.02,1786826169999
25.02,1786826169883
25.02,1786826169771
25.02,1786826169659
25.02,1786826169545
25.02,1786826169425
25.02,1786826169309
25.02,1786826169197
25.02,1786826169085
25.02,1786826168971
25.038,1786826168851
25.038,1786826168735
25.038,1786826168511
25.038,1786826168287
25.038,1786826168160
25.038,1786826168048
25.038,1786826167936
25.038,1786826167706
25.065,1786826167584
25.065,1786826167472
25.065,1786826167130
25.065,1786826167008
25.065,1786826166896
25.065,1786826166784
25.065,1786826166556
24.975,1786826166434
24.975,1786826166323
24.975,1786826166211
24.975,1786826166099
24.975,1786826165982
24.975,1786826165860
24.975,1786826165748
24.975,1786826165636
24.975,1786826165524
24.975,1786826165408
25.065,1786826165174
25.065,1786826164950
25.065,1786826164834
25.065,1786826164712
25.065,1786826164600
25.065,1786826164488
25.065,1786826164376
25.065,1786826164259
24.966,1786826164137
24.966,1786826164025
24.966,1786826163913
24.966,1786826163801
24.966,1786826163684
24.966,1786826163562
24.966,1786826163450
24.966,1786826163338
24.966,1786826163225
24.966,1786826163108
24.966,1786826162996
24.966,1786826162874
24.966,1786826162762
24.966,1786826162650
24.966,1786826162533
24.966,1786826162420
24.966,1786826162298
24.966,1786826162184
24.966,1786826162074
24.966,1786826161958
24.966,1786826161846
25.047,1786826161724
25.047,1786826161610
25.047,1786826161500
25.047,1786826161384
25.047,1786826161272
25.047,1786826161150
25.047,1786826161036
25.047,1786826160927
25.047,1786826160810
25.047,1786826160698
24.984,1786826160576
24.984,1786826160464
24.984,1786826160352
24.984,1786826160128
24.984,1786826160006
24.984,1786826159892
24.984,1786826159782
24.984,1786826159666
24.984,1786826159554
24.966,1786826159432
24.966,1786826159318
24.966,1786826159208
24.966,1786826159092
24.966,1786826158980
24.966,1786826158858
24.966,1786826158746
24.966,1786826158517
24.966,1786826158405
25.002,1786826158283
25.002,1786826158171
25.002,1786826158054
25.002,1786826157942
25.002,1786826157830
25.002,1786826157718
25.002,1786826157479
25.002,1786826157367
25.002,1786826157142
25.002,1786826156903
25.002,1786826156791
25.002,1786826156567
25.002,1786826156328
25.002,1786826156216
25.002,1786826155992
25.002,1786826155870
25.002,1786826155753
25.002,1786826155641
25.002,1786826155417
25.002,1786826155178
25.002,1786826155066
25.002,1786826154842
24.984,1786826154608
24.984,1786826154491
24.984,1786826154266
24.984,1786826154027
24.984,1786826153914
24.984,1786826153690
24.984,1786826153568
24.984,1786826153451
24.984,1786826153339
24.984,1786826152993
24.984,1786826152876
24.984,1786826152765
24.984,1786826152653
24.984,1786826152541
24.984,1786826152428
25.002,1786826152306
25.002,1786826152189
25.002,1786826152077
25.002,1786826151965
25.002,1786826151852
25.002,1786826151725
25.002,1786826151613
25.002,1786826151389
25.002,1786826151277
25.047,1786826151150
25.047,1786826151038
25.047,1786826150926
25.047,1786826150814
25.047,1786826150702
25.047,1786826150576
25.047,1786826150464
25.047,1786826150352
25.047,1786826150240
25.047,1786826150128
25.065,1786826150001
25.065,1786826149777
25.065,1786826149665
25.065,1786826149553
25.065,1786826149426
25.065,1786826149314
25.065,1786826149202
25.065,1786826149090
25.065,1786826148978
25.137,1786826148852
25.137,1786826148740
25.137,1786826148628
25.137,1786826148516
25.137,1786826148404
25.137,1786826148168
25.137,1786826148056
25.137,1786826147832
25.002,1786826147705
25.002,1786826147593
25.002,1786826147481
25.002,1786826147369
25.002,1786826147257
25.002,1786826147140
25.002,1786826147018
25.002,1786826146906
25.002,1786826146795
25.002,1786826146683
25.002,1786826146565
25.002,1786826146443
25.002,1786826146331
25.002,1786826146219
25.002,1786826146107
25.002,1786826145991
25.002,1786826145869
25.002,1786826145757
25.002,1786826145645
25.002,1786826145416
25.029,1786826145294
25.029,1786826145182
25.029,1786826145070
25.029,1786826144958
25.029,1786826144841
25.029,1786826144719
25.029,1786826144608
25.029,1786826144496
25.029,1786826144266
24.984,1786826144144
24.984,1786826144032
24.984,1786826143920
24.984,1786826143691
24.984,1786826143571
24.984,1786826143459
24.984,1786826143347
24.984,1786826143119
25.047,1786826142998
25.047,1786826142885
25.047,1786826142773
25.047,1786826142661
25.047,1786826142544
25.047,1786826142422
25.047,1786826142310
25.047,1786826142198
25.047,1786826142086
25.047,1786826141969
25.047,1786826141857
25.047,1786826141734
25.047,1786826141622
25.047,1786826141510
25.047,1786826141392
25.047,1786826141279
25.047,1786826141157
25.047,1786826141044
25.047,1786826140932
25.047,1786826140815
25.047,1786826140703
24.984,1786826140469
24.984,1786826140357
24.984,1786826140240
24.984,1786826140128
24.984,1786826139892
24.984,1786826139787
24.984,1786826139670
24.984,1786826139558
25.065,1786826139436
25.065,1786826139322
25.065,1786826139216
25.065,1786826138750
25.065,1786826138645
25.065,1786826138528
25.065,1786826138416
24.984,1786826138182
24.984,1786826137958
24.984,1786826137846
24.984,1786826137724
24.984,1786826137612
24.984,1786826137500
24.984,1786826137383
24.984,1786826137271
25.029,1786826137149
25.029,1786826137037
25.029,1786826136808
25.029,1786826136695
25.029,1786826136582
25.029,1786826136459
25.029,1786826136353
25.029,1786826136236
25.029,1786826136124
25.029,1786826136011
25.047,1786826135888
25.047,1786826135780
25.047,1786826135663
25.047,1786826135552
25.047,1786826135440
25.047,1786826135316
25.047,1786826135209
25.047,1786826135092
25.047,1786826134980
25.047,1786826134868
25.038,1786826134746
25.038,1786826134634
25.038,1786826134406
25.038,1786826134294
25.038,1786826134170
25.038,1786826133946
25.038,1786826133834
25.038,1786826133722
24.984,1786826133598
24.984,1786826133489
24.984,1786826133372
24.984,1786826133260
24.984,1786826133148
24.984,1786826133024
24.984,1786826132917
24.984,1786826132801
24.984,1786826132689
24.984,1786826132577
25.002,1786826132455
25.002,1786826132343
25.002,1786826132228
25.002,1786826132117
25.002,1786826131883
25.002,1786826131771
25.002,1786826131659
25.002,1786826131547
25.002,1786826131435
25.002,1786826131321
25.002,1786826131204
25.002,1786826131087
25.002,1786826130975
25.002,1786826130863
25.002,1786826130751
25.002,1786826130628
25.002,1786826130512
25.002,1786826130400
25.002,1786826130288
25.065,1786826130054
25.065,1786826129826
25.065,1786826129714
25.065,1786826129600
25.065,1786826129480
25.065,1786826129252
25.065,1786826129140
25.065,1786826129026
25.002,1786826128906
25.002,1786826128790
25.002,1786826128678
25.002,1786826128566
25.002,1786826128454
25.002,1786826128332
25.002,1786826128216
25.002,1786826128104
25.002,1786826127878
24.948,1786826127758
24.948,1786826127642
24.948,1786826127530
24.948,1786826127418
24.948,1786826127306
24.948,1786826127184
24.948,1786826127067
24.948,1786826126954
24.948,1786826126842
24.948,1786826126730
24.984,1786826126603
24.984,1786826126492
24.984,1786826126268
24.984,1786826126156
24.984,1786826126045
24.984,1786826125693
24.984,1786826125468
24.993,1786826125342
24.993,1786826125230
24.993,1786826125118
24.993,1786826125004
24.993,1786826124894
24.993,1786826124768
24.993,1786826124657
24.993,1786826124545
24.993,1786826124433
24.993,1786826124317
25.029,1786826124195
25.029,1786826124083
25.029,1786826123859
25.029,1786826123747
25.029,1786826123621
25.029,1786826123509
25.029,1786826123397
25.029,1786826123282
25.029,1786826123172
25.002,1786826123046
25.002,1786826122934
25.002,1786826122822
25.002,1786826122708
25.002,1786826122598
25.002,1786826122472
25.002,1786826122360
25.002,1786826122134
25.002,1786826122024
25.02,1786826121898
25.02,1786826121786
25.02,1786826121560
25.02,1786826121450
25.02,1786826121324
25.02,1786826121212
25.02,1786826120986
25.02,1786826120876
25.02,1786826120760
25.065,1786826120638
25.065,1786826120526
25.065,1786826120412
25.065,1786826120304
25.065,1786826120186
25.065,1786826120064
25.065,1786826119952
25.065,1786826119840
25.065,1786826119728
25.065,1786826119612
25.083,1786826119490
25.083,1786826119378
25.083,1786826119266
25.083,1786826119154
25.083,1786826119038
25.083,1786826118916
25.083,1786826118804
25.083,1786826118690
25.083,1786826118581
25.083,1786826118463
25.011,1786826118342
25.011,1786826118230
25.011,1786826118116
25.011,1786826118006
25.011,1786826117888
25.011,1786826117766
25.011,1786826117654
25.011,1786826117541
25.011,1786826117313
25.065,1786826117191
25.065,1786826117080
25.065,1786826116855
25.065,1786826116739
25.065,1786826116505
25.065,1786826116393
25.065,1786826116281
25.065,1786826116169
25.02,1786826116046
25.02,1786826115934
25.02,1786826115820
25.02,1786826115710
25.02,1786826115594
25.02,1786826115482
25.02,1786826115360
25.02,1786826115248
25.02,1786826115020
25.02,1786826114908
24.984,1786826114786
24.984,1786826114672
24.984,1786826114445
24.984,1786826114333
24.984,1786826114097
24.984,1786826113987
24.984,1786826113871
25.02,1786826113639
25.02,1786826113525
25.02,1786826113416
25.02,1786826113299
25.02,1786826113187
25.02,1786826113066
25.02,1786826112952
25.02,1786826112846
25.02,1786826112729
25.02,1786826112617
25.02,1786826112496
25.02,1786826112382
25.02,1786826112272
25.02,1786826112156
25.02,1786826112045
25.02,1786826111923
25.02,1786826111809
25.02,1786826111699
25.02,1786826111583
25.02,1786826111471
25.038,1786826111349
25.038,1786826111235
25.038,1786826111124
25.038,1786826111008
25.038,1786826110897
25.038,1786826110775
25.038,1786826110663
25.038,1786826110552
25.038,1786826110435
25.038,1786826110211
25.038,1786826110089
25.038,1786826109977
25.038,1786826109754
25.038,1786826109641
25.038,1786826109517
25.038,1786826109407
25.038,1786826109291
25.038,1786826109179
25.038,1786826109067
25.029,1786826108943
25.029,1786826108838
25.029,1786826108721
25.029,1786826108609
25.029,1786826108373
25.029,1786826108263
25.029,1786826108147
25.029,1786826108035
25.083,1786826107799
25.083,1786826107690
25.083,1786826107573
25.083,1786826107461
25.083,1786826107225
25.083,1786826107116
25.083,1786826106999
25.083,1786826106887
25.101,1786826106652
25.101,1786826106547
25.101,1786826106430
25.101,1786826106318
25.101,1786826106206
25.101,1786826106082
25.101,1786826105972
25.101,1786826105856
25.101,1786826105744
25.101,1786826105632
25.056,1786826105508
25.056,1786826105398
25.056,1786826105282
25.056,1786826105170
25.056,1786826105058
25.056,1786826104944
25.056,1786826104824
25.056,1786826104708
25.056,1786826104596
25.056,1786826104483
25.056,1786826104370
25.02,1786826104243
25.02,1786826104130
25.02,1786826104018
25.02,1786826103906
25.02,1786826103794
25.02,1786826103668
25.02,1786826103556
25.02,1786826103444
25.02,1786826103332
25.038,1786826103093
25.038,1786826102981
25.038,1786826102869
25.038,1786826102757
25.038,1786826102518
25.038,1786826102406
25.038,1786826102294
25.038,1786826102182
25.029,1786826101942
25.029,1786826101830
25.029,1786826101718
25.029,1786826101606
25.029,1786826101368
25.029,1786826101256
25.029,1786826101144
25.029,1786826101032
25.047,1786826100793
25.047,1786826100681
25.047,1786826100569
25.047,1786826100457
25.047,1786826100218
25.047,1786826100106
25.047,1786826099994
25.047,1786826099882
25.047,1786826099653
25.056,1786826099531
25.056,1786826099419
25.056,1786826099307
25.056,1786826099078
25.056,1786826098843
25.056,1786826098501
25.038,1786826098379
25.038,1786826098267
25.038,1786826098155
25.038,1786826097925
25.038,1786826097803
25.038,1786826097691
25.038,1786826097579
25.038,1786826097350
25.02,1786826097228
25.02,1786826097116
25.02,1786826097004
25.02,1786826096774
25.02,1786826096653
25.02,1786826096541
25.02,1786826096429
25.02,1786826096317
25.02,1786826096201
25.02,1786826096079
25.02,1786826095967
25.02,1786826095855
25.02,1786826095743
25.02,1786826095626
25.02,1786826095505
25.02,1786826095393
25.02,1786826095281
25.02,1786826095169
25.02,1786826095052
25.074,1786826094930
25.074,1786826094819
25.074,1786826094707
25.074,1786826094595
25.074,1786826094479
25.074,1786826094367
25.074,1786826094246
25.074,1786826094135
25.074,1786826094023
25.074,1786826093793
25.038,1786826093671
25.038,1786826093559
25.038,1786826093447
25.038,1786826093330
25.038,1786826093218
25.038,1786826093096
25.038,1786826092984
25.038,1786826092872
25.038,1786826092755
25.038,1786826092643
25.047,1786826092521
25.047,1786826092409
25.047,1786826092297
25.047,1786826092180
25.047,1786826092068
25.047,1786826091946
25.047,1786826091834
25.047,1786826091722
25.047,1786826091605
25.047,1786826091493
25.038,1786826091371
25.038,1786826091259
25.038,1786826091147
25.038,1786826091030
25.038,1786826090917
25.038,1786826090795
25.038,1786826090683
25.038,1786826090454
25.038,1786826090341
25.083,1786826090219
25.083,1786826090107
25.083,1786826089995
25.083,1786826089765
25.083,1786826089643
25.083,1786826089531
25.083,1786826089419
25.083,1786826089301
25.083,1786826089189
25.083,1786826089077
25.056,1786826088955
25.056,1786826088843
25.056,1786826088726
25.056,1786826088614
25.056,1786826088501
25.056,1786826088377
25.056,1786826088268
25.056,1786826088151
25.056,1786826088039
25.056,1786826087928
25.065,1786826087806
25.065,1786826087694
25.065,1786826087577
25.065,1786826087466
25.065,1786826087353
25.065,1786826087231
25.065,1786826087119
25.065,1786826086891
25.065,1786826086779
25.02,1786826086657
25.02,1786826086545
25.02,1786826086316
25.02,1786826086204
25.02,1786826086083
25.02,1786826085971
25.02,1786826085855
25.02,1786826085743
25.02,1786826085631
25.047,1786826085509
25.047,1786826085397
25.047,1786826085280
25.047,1786826085168
25.047,1786826085056
25.047,1786826084932
25.047,1786826084823
25.047,1786826084705
25.047,1786826084593
25.047,1786826084481
25.02,1786826084357
25.02,1786826084248
25.02,1786826084130
25.02,1786826083906
25.02,1786826083792
25.02,1786826083672
25.02,1786826083555
25.02,1786826083443
25.02,1786826083331
25.02,1786826083216
25.038,1786826083097
25.038,1786826082980
25.038,1786826082868
25.038,1786826082755
25.038,1786826082643
25.038,1786826082408
25.038,1786826082296
25.038,1786826082184
25.038,1786826082071
24.984,1786826081949
24.984,1786826081726
24.984,1786826081501
24.984,1786826081381
24.984,1786826081266
24.984,1786826081154
24.984,1786826081043
24.984,1786826080929
25.056,1786826080811
25.056,1786826080694
25.056,1786826080583
25.056,1786826080471
25.056,1786826080357
25.056,1786826080122
25.056,1786826079899
25.056,1786826079786
25.056,1786826079666
25.056,1786826079550
25.056,1786826079439
25.056,1786826079327
25.056,1786826079104
25.056,1786826078978
25.056,1786826078866
25.056,1786826078754
25.056,1786826078640
25.056,1786826078530
25.038,1786826078403
25.038,1786826078291
25.038,1786826078179
25.038,1786826078065
25.038,1786826077956
25.038,1786826077828
25.038,1786826077716
25.038,1786826077603
25.038,1786826077489
25.038,1786826077380
25.02,1786826077251
25.02,1786826077139
25.02,1786826076913
25.02,1786826076803
25.02,1786826076674
25.02,1786826076562
25.02,1786826076336
25.02,1786826076226
25.065,1786826075986
25.065,1786826075760
25.065,1786826075650
25.065,1786826075524
25.065,1786826075412
25.065,1786826075299
25.065,1786826075185
25.065,1786826075075
25.101,1786826074950
25.101,1786826074839
25.101,1786826074727
25.101,1786826074613
25.101,1786826074269
25.101,1786826074157
25.101,1786826074043
25.101,1786826073934
25.101,1786826073818
25.02,1786826073697
25.02,1786826073585
25.02,1786826073472
25.02,1786826073246
25.02,1786826073124
25.02,1786826073013
25.02,1786826072899
25.02,1786826072673
25.065,1786826072551
25.065,1786826072439
25.065,1786826072325
25.065,1786826072220
25.065,1786826072103
25.065,1786826071981
25.065,1786826071869
25.065,1786826071755
25.065,1786826071645
25.065,1786826071529
25.02,1786826071407
25.02,1786826071295
25.02,1786826071181
25.02,1786826071076
25.02,1786826070958
25.02,1786826070836
25.02,1786826070724
25.02,1786826070499
25.02,1786826070383
25.137,1786826070261
25.137,1786826070148
25.137,1786826070034
25.137,1786826069924
25.137,1786826069807
25.137,1786826069685
25.137,1786826069572
25.137,1786826069458
25.137,1786826069347
25.137,1786826069231
25.011,1786826069109
25.011,1786826068996
25.011,1786826068882
25.011,1786826068771
25.011,1786826068655
25.011,1786826068543
25.011,1786826068421
25.011,1786826068308
25.011,1786826068197
25.011,1786826068082
25.011,1786826067969
25.119,1786826067846
25.119,1786826067733
25.119,1786826067622
25.119,1786826067507
25.119,1786826067273
25.119,1786826067161
25.119,1786826067044
25.119,1786826066932
25.038,1786826066700
25.038,1786826066477
25.038,1786826066361
25.038,1786826066250
25.038,1786826066128
25.038,1786826066015
25.038,1786826065905
25.038,1786826065789
25.038,1786826065677
24.984,1786826065556
24.984,1786826065444
24.984,1786826065327
24.984,1786826065216
24.984,1786826065104
24.984,1786826064982
24.984,1786826064870
24.984,1786826064753
24.984,1786826064641
24.984,1786826064529
25.11,1786826064407
25.11,1786826064295
25.11,1786826064178
25.11,1786826064066
25.11,1786826063832
25.11,1786826063720
25.11,1786826063608
25.11,1786826063496
25.11,1786826063384
25.11,1786826063272
25.056,1786826063150
25.056,1786826063033
25.056,1786826062920
25.056,1786826062808
25.056,1786826062695
25.056,1786826062573
25.056,1786826062456
25.056,1786826062344
25.056,1786826062232
25.056,1786826062120
25.083,1786826061998
25.083,1786826061881
25.083,1786826061769
25.083,1786826061656
25.083,1786826061544
25.083,1786826061422
25.083,1786826061305
25.083,1786826061194
25.083,1786826061082
25.083,1786826060969
25.02,1786826060848
25.02,1786826060620
25.02,1786826060508
25.02,1786826060396
25.02,1786826060274
25.02,1786826060157
25.02,1786826060045
25.02,1786826059933
25.038,1786826059699
25.038,1786826059583
25.038,1786826059470
25.038,1786826059359
25.038,1786826059247
25.038,1786826059125
25.038,1786826058896
25.038,1786826058783
25.038,1786826058671
25.02,1786826058549
25.02,1786826058432
25.02,1786826058320
25.02,1786826058208
25.02,1786826058095
25.02,1786826057856
25.02,1786826057744
25.02,1786826057632
25.02,1786826057520
25.02,1786826057407
24.984,1786826057280
24.984,1786826057168
24.984,1786826057056
24.984,1786826056944
24.984,1786826056832
24.984,1786826056705
24.984,1786826056593
24.984,1786826056481
24.984,1786826056369
24.984,1786826056257
25.056,1786826056019
25.056,1786826055906
25.056,1786826055794
25.056,1786826055682
25.056,1786826055555
25.056,1786826055443
25.056,1786826055332
25.056,1786826055107
25.065,1786826054868
25.065,1786826054756
25.065,1786826054532
25.065,1786826054405
25.065,1786826054293
25.065,1786826054181
25.065,1786826054070
25.065,1786826053958
24.984,1786826053831
24.984,1786826053719
24.984,1786826053607
24.984,1786826053495
24.984,1786826053384
24.984,1786826053257
24.984,1786826053145
24.984,1786826053033
24.984,1786826052921
24.984,1786826052693
25.029,1786826052571
25.029,1786826052459
25.029,1786826052346
25.029,1786826052238
25.029,1786826052120
25.029,1786826051998
25.029,1786826051886
25.029,1786826051772
25.029,1786826051663
25.029,1786826051546
25.065,1786826051424
25.065,1786826051312
25.065,1786826051198
25.065,1786826051089
25.065,1786826050972
25.065,1786826050850
25.065,1786826050738
25.065,1786826050624
25.065,1786826050514
25.065,1786826050398
25.092,1786826050276
25.092,1786826050164
25.092,1786826050050
25.092,1786826049940
25.092,1786826049824
25.092,1786826049702
25.092,1786826049478
25.011,1786826049127
25.011,1786826048901
25.011,1786826048791
25.011,1786826048553
25.011,1786826048441
25.011,1786826048329
25.011,1786826048217
25.011,1786826048105
25.074,1786826047982
25.074,1786826047870
25.074,1786826047756
25.074,1786826047646
25.074,1786826047530
25.074,1786826047417
25.074,1786826047066
25.074,1786826046953
25.074,1786826046840
25.101,1786826046718
25.101,1786826046381
25.101,1786826046269
25.101,1786826046147
25.101,1786826046035
25.101,1786826045809
25.101,1786826045697
25.02,1786826045574
25.02,1786826045462
25.02,1786826045346
25.02,1786826045235
25.02,1786826045123
25.02,1786826045001
25.02,1786826044889
25.02,1786826044773
25.02,1786826044662
25.02,1786826044550
25.056,1786826044429
25.056,1786826044317
25.056,1786826044206
25.056,1786826044094
25.056,1786826043860
25.056,1786826043748
25.056,1786826043632
25.056,1786826043520
25.056,1786826043408
25.065,1786826043286
25.065,1786826043173
25.065,1786826043057
25.065,1786826042945
25.065,1786826042833
25.065,1786826042710
25.065,1786826042598
25.065,1786826042482
25.065,1786826042369
25.065,1786826042257
25.065,1786826042144
25.101,1786826042022
25.101,1786826041905
25.101,1786826041793
25.101,1786826041569
25.101,1786826041446
25.101,1786826041330
25.101,1786826041218
25.101,1786826041105
25.074,1786826040871
25.074,1786826040760
25.074,1786826040648
25.074,1786826040425
25.074,1786826040187
25.074,1786826040076
25.074,1786826039964
25.074,1786826039852
25.083,1786826039731
25.083,1786826039615
25.083,1786826039504
25.083,1786826039392
25.083,1786826039280
25.083,1786826039159
25.083,1786826039043
25.083,1786826038932
25.083,1786826038820
25.101,1786826038585
25.101,1786826038470
25.101,1786826038358
25.101,1786826038246
25.101,1786826038133
25.101,1786826038011
25.101,1786826037895
25.101,1786826037783
25.101,1786826037671
25.101,1786826037448
24.984,1786826037320
24.984,1786826037208
24.984,1786826037096
24.984,1786826036872
24.984,1786826036745
24.984,1786826036633
24.984,1786826036522
24.984,1786826036298
25.047,1786826036062
25.047,1786826035951
25.047,1786826035839
25.047,1786826035727
25.047,1786826035488
25.047,1786826035376
25.101,1786826035025
25.101,1786826034913
25.101,1786826034800
25.101,1786826034688
25.101,1786826034575
25.101,1786826034447
25.101,1786826034222
25.101,1786826034110
25.101,1786826033997
25.074,1786826033871
25.074,1786826033758
25.074,1786826033646
25.074,1786826033534
25.074,1786826033421
25.074,1786826033295
25.074,1786826033183
25.074,1786826033070
25.074,1786826032958
25.074,1786826032846
25.02,1786826032721
25.02,1786826032609
25.02,1786826032498
25.02,1786826032386
25.02,1786826032274
25.02,1786826032158
25.02,1786826032036
25.02,1786826031924
25.02,1786826031813
25.02,1786826031701
25.02,1786826031585
25.056,1786826031463
25.056,1786826031352
25.056,1786826031240
25.056,1786826031129
25.056,1786826031012
25.056,1786826030891
25.056,1786826030779
25.056,1786826030667
25.056,1786826030556
25.056,1786826030440
25.074,1786826030318
25.074,1786826030206
25.074,1786826030095
25.074,1786826029983
25.074,1786826029745
25.074,1786826029633
25.074,1786826029409
25.074,1786826029293
25.119,1786826029171
25.119,1786826029059
25.119,1786826028947
25.119,1786826028835
25.119,1786826028718
25.119,1786826028596
25.119,1786826028484
25.119,1786826028372
25.119,1786826028260
25.119,1786826028144
25.092,1786826028021
25.092,1786826027909
25.092,1786826027795
25.092,1786826027686
25.092,1786826027568
25.092,1786826027445
25.092,1786826027333
25.092,1786826027109
25.092,1786826026992
25.092,1786826026880
25.137,1786826026758
25.137,1786826026643
25.137,1786826026534
25.137,1786826026416
25.137,1786826026181
25.137,1786826025959
25.137,1786826025842
25.137,1786826025729
25.056,1786826025607
25.056,1786826025495
25.056,1786826025383
25.056,1786826025267
25.056,1786826025155
25.056,1786826024921
25.056,1786826024692
25.056,1786826024580
25.038,1786826024458
25.038,1786826024346
25.038,1786826024118
25.038,1786826024006
25.038,1786826023884
25.038,1786826023772
25.038,1786826023544
25.038,1786826023432
25.074,1786826023311
25.074,1786826023199
25.074,1786826023087
25.074,1786826022971
25.074,1786826022859
25.074,1786826022737
25.074,1786826022625
25.074,1786826022514
25.074,1786826022397
25.074,1786826022285
25.047,1786826022163
25.047,1786826022049
25.047,1786826021941
25.047,1786826021712
25.047,1786826021600
25.047,1786826021476
25.047,1786826021367
25.047,1786826021250
25.047,1786826021138
25.065,1786826020901
25.065,1786826020792
25.065,1786826020675
25.065,1786826020562
25.065,1786826020326
25.065,1786826020217
25.065,1786826020100
25.065,1786826019988
25.065,1786826019876
25.083,1786826019642
25.083,1786826019526
25.083,1786826019413
25.083,1786826019301
25.083,1786826019177
25.083,1786826019067
25.083,1786826018951
25.083,1786826018839
25.083,1786826018727
25.074,1786826018603
25.074,1786826018492
25.074,1786826018375
25.074,1786826018263
25.074,1786826018151
25.074,1786826018028
25.074,1786826017918
25.074,1786826017802
25.074,1786826017690
25.074,1786826017578
25.101,1786826017454
25.101,1786826017344
25.101,1786826017229
25.101,1786826017117
25.101,1786826017005
25.101,1786826016881
25.101,1786826016771
25.101,1786826016653
25.101,1786826016541
25.101,1786826016428
25.101,1786826016313
25.083,1786826016192
25.083,1786826016076
25.083,1786826015963
25.083,1786826015850
25.083,1786826015738
25.083,1786826015615
25.083,1786826015503
25.083,1786826015390
25.083,1786826015278
25.083,1786826015163
25.11,1786826015044
25.11,1786826014926
25.11,1786826014815
25.11,1786826014703
25.11,1786826014590
25.11,1786826014471
25.11,1786826014355
25.11,1786826014243
25.11,1786826014132
25.11,1786826014018
25.074,1786826013900
25.074,1786826013783
25.074,1786826013672
25.074,1786826013449
25.074,1786826013328
25.074,1786826013102
25.074,1786826012991
25.074,1786826012879
25.146,1786826012758
25.146,1786826012646
25.146,1786826012534
25.146,1786826012422
25.146,1786826012190
25.146,1786826012073
25.146,1786826011961
25.146,1786826011849
25.146,1786826011626
25.056,1786826011498
25.056,1786826011386
25.056,1786826011274
25.056,1786826011162
25.056,1786826011049
25.056,1786826010922
25.056,1786826010698
25.056,1786826010586
25.056,1786826010474
25.092,1786826010350
25.092,1786826010237
25.092,1786826010125
25.092,1786826010014
25.092,1786826009902
25.092,1786826009663
25.092,1786826009550
25.092,1786826009438
25.092,1786826009326
25.056,1786826008975
25.056,1786826008862
25.056,1786826008750
25.056,1786826008511
25.056,1786826008399
25.056,1786826008287
25.038,1786826008048
25.038,1786826007936
25.038,1786826007824
25.038,1786826007712
25.038,1786826007474
25.038,1786826007362
25.038,1786826007249
25.038,1786826007137
25.074,1786826006898
25.074,1786826006786
25.074,1786826006673
25.074,1786826006561
25.074,1786826006332
25.074,1786826006210
25.074,1786826006097
25.074,1786826005985
25.074,1786826005873
25.074,1786826005755
25.038,1786826005632
25.038,1786826005520
25.038,1786826005408
25.038,1786826005296
25.038,1786826005178
25.038,1786826005056
25.038,1786826004944
25.038,1786826004832
25.038,1786826004720
25.038,1786826004603
25.11,1786826004481
25.11,1786826004369
25.11,1786826004255
25.11,1786826004146
25.11,1786826004029
25.11,1786826003907
25.11,1786826003795
25.11,1786826003681
25.11,1786826003572
25.11,1786826003455
25.056,1786826003222
25.056,1786826003108
25.056,1786826002999
25.056,1786826002882
25.056,1786826002649
25.056,1786826002537
25.056,1786826002425
25.056,1786826002309
25.092,1786826002075
25.092,1786826001853
25.092,1786826001736
25.092,1786826001614
25.092,1786826001502
25.092,1786826001388
25.092,1786826001279
25.092,1786826001162
25.092,1786826001050
25.065,1786826000928
25.065,1786826000705
25.065,1786826000588
25.065,1786826000476
25.065,1786826000354
25.065,1786826000241
25.065,1786826000132
25.065,1786826000015
25.065,1786825999903
25.119,1786825999668
25.119,1786825999557
25.119,1786825999441
25.119,1786825999329
25.119,1786825999207
25.119,1786825999093
25.119,1786825998983
25.119,1786825998866
25.119,1786825998754
25.083,1786825998632
25.083,1786825998518
25.083,1786825998408
25.083,1786825998291
25.083,1786825998179
25.083,1786825998057
25.083,1786825997942
25.083,1786825997832
25.083,1786825997716
25.083,1786825997604
25.083,1786825997481
25.083,1786825997367
25.083,1786825997257
25.083,1786825997141
25.083,1786825997029
25.083,1786825996906
25.083,1786825996792
25.083,1786825996682
25.083,1786825996566
25.101,1786825996332
25.101,1786825996109
25.101,1786825995993
25.101,1786825995881
25.101,1786825995769
25.101,1786825995645
25.101,1786825995536
25.101,1786825995420
25.101,1786825995308
25.101,1786825995196
25.119,1786825995074
25.119,1786825994957
25.119,1786825994845
25.119,1786825994734
25.119,1786825994622
25.119,1786825994500
25.119,1786825994388
25.119,1786825994271
25.119,1786825994159
25.119,1786825994048
25.101,1786825993924
25.101,1786825993698
25.101,1786825993586
25.101,1786825993350
25.101,1786825993241
25.101,1786825993124
25.101,1786825993012
25.101,1786825992900
25.119,1786825992776
25.119,1786825992667
25.119,1786825992548
25.119,1786825992436
25.119,1786825992324
25.119,1786825992201
25.119,1786825992092
25.119,1786825991975
25.119,1786825991862
25.119,1786825991750
25.119,1786825991627
25.119,1786825991517
25.119,1786825991401
25.119,1786825991288
25.119,1786825991176
25.119,1786825991052
25.119,1786825990943
25.119,1786825990826
25.119,1786825990714
25.119,1786825990601
25.119,1786825990487
25.101,1786825990366
25.101,1786825990250
25.101,1786825990138
25.101,1786825990025
25.101,1786825989912
25.101,1786825989790
25.101,1786825989678
25.101,1786825989566
25.101,1786825989454
25.101,1786825989340
25.137,1786825989220
25.137,1786825989104
25.137,1786825988992
25.137,1786825988880
25.137,1786825988766
25.137,1786825988647
25.137,1786825988530
25.137,1786825988419
25.137,1786825988308
25.137,1786825988196
25.101,1786825988069
25.101,1786825987958
25.101,1786825987846
25.101,1786825987734
25.101,1786825987622
25.101,1786825987495
25.101,1786825987384
25.101,1786825987272
25.101,1786825987160
25.101,1786825987048
25.074,1786825986926
25.074,1786825986815
25.074,1786825986703
25.074,1786825986591
25.074,1786825986479
25.074,1786825986354
25.074,1786825986242
25.074,1786825986130
25.074,1786825986018
25.074,1786825985906
25.092,1786825985667
25.092,1786825985555
25.092,1786825985443
25.092,1786825985331
25.092,1786825985216
25.092,1786825985094
25.092,1786825984982
25.092,1786825984869
25.092,1786825984757
25.092,1786825984639
25.083,1786825984517
25.083,1786825984405
25.083,1786825984181
25.083,1786825983942
25.083,1786825983830
25.083,1786825983718
25.083,1786825983605
25.083,1786825983494
25.137,1786825983368
25.137,1786825983255
25.137,1786825983143
25.137,1786825983032
25.137,1786825982921
25.137,1786825982792
25.137,1786825982679
25.137,1786825982566
25.137,1786825982453
25.137,1786825982335
25.137,1786825982212
25.137,1786825982099
25.137,1786825981986
25.137,1786825981873
25.137,1786825981760
25.137,1786825981637
25.137,1786825981524
25.137,1786825981411
25.137,1786825981297
25.137,1786825981184
25.11,1786825981056
25.11,1786825980943
25.11,1786825980830
25.11,1786825980719
25.11,1786825980603
25.11,1786825980481
25.11,1786825980370
25.11,1786825980259
25.11,1786825980147
25.11,1786825980036
25.11,1786825979920
25.083,1786825979799
25.083,1786825979688
25.083,1786825979577
25.083,1786825979461
25.083,1786825979349
25.083,1786825979228
25.083,1786825979117
25.083,1786825979006
25.083,1786825978892
25.083,1786825978780
25.119,1786825978658
25.119,1786825978547
25.119,1786825978319
25.119,1786825978207
25.119,1786825978086
25.119,1786825977974
25.119,1786825977746
25.119,1786825977634
25.119,1786825977512
25.119,1786825977400
25.119,1786825977288
25.119,1786825977171
25.119,1786825977059
25.119,1786825976937
25.119,1786825976825
25.119,1786825976713
25.119,1786825976601
25.119,1786825976484
25.137,1786825976362
25.137,1786825976250
25.137,1786825976138
25.137,1786825976020
25.137,1786825975908
25.137,1786825975786
25.137,1786825975674
25.137,1786825975560
25.137,1786825975334
25.119,1786825975211
25.119,1786825975099
25.119,1786825974985
25.119,1786825974874
25.119,1786825974758
25.119,1786825974645
25.119,1786825974523
25.119,1786825974410
25.119,1786825974300
25.119,1786825974183
25.119,1786825974070
25.101,1786825973948
25.101,1786825973836
25.101,1786825973607
25.101,1786825973495
25.101,1786825973373
25.101,1786825973259
25.101,1786825973033
25.101,1786825972921
25.11,1786825972799
25.11,1786825972685
25.11,1786825972575
25.11,1786825972459
25.11,1786825972347
25.11,1786825972225
25.11,1786825972111
25.11,1786825972002
25.11,1786825971885
25.11,1786825971773
25.083,1786825971651
25.083,1786825971537
25.083,1786825971428
25.083,1786825971311
25.083,1786825971199
25.083,1786825971077
25.083,1786825970963
25.083,1786825970852
25.083,1786825970737
25.083,1786825970625
25.083,1786825970503
25.083,1786825970389
25.083,1786825970279
25.083,1786825970164
25.083,1786825970052
25.083,1786825969816
25.083,1786825969706
25.083,1786825969478
25.083,1786825969366
25.11,1786825969242
25.11,1786825969133
25.11,1786825969016
25.11,1786825968904
25.11,1786825968791
25.11,1786825968667
25.11,1786825968559
25.11,1786825968442
25.11,1786825968330
25.11,1786825968218
25.119,1786825968094
25.119,1786825967986
25.119,1786825967869
25.119,1786825967645
25.119,1786825967523
25.119,1786825967411
25.119,1786825967294
25.119,1786825967182
25.119,1786825967071
25.11,1786825966947
25.11,1786825966836
25.11,1786825966718
25.11,1786825966494
25.11,1786825966373
25.11,1786825966261
25.11,1786825966145
25.11,1786825966032
25.11,1786825965920
25.119,1786825965798
25.119,1786825965686
25.119,1786825965569
25.119,1786825965457
25.119,1786825965345
25.119,1786825965223
25.119,1786825965111
25.119,1786825964995
25.101,1786825964650
25.101,1786825964539
25.101,1786825964310
25.101,1786825964198
25.101,1786825964086
25.101,1786825963964
25.101,1786825963848
25.101,1786825963737
25.101,1786825963625
25.101,1786825963513
25.11,1786825963392
25.11,1786825963276
25.11,1786825963164
25.11,1786825963052
25.11,1786825962941
25.11,1786825962819
25.11,1786825962591
25.11,1786825962479
25.11,1786825962367
25.056,1786825962245
25.056,1786825962017
25.056,1786825961905
25.056,1786825961671
25.056,1786825961555
25.056,1786825961443
25.056,1786825961219
25.128,1786825960982
25.128,1786825960646
25.128,1786825960524
25.128,1786825960408
25.128,1786825960295
25.128,1786825960183
25.128,1786825960069
25.11,1786825959952
25.11,1786825959835
25.11,1786825959723
25.11,1786825959499
25.11,1786825959387
25.11,1786825959261
25.11,1786825959149
25.11,1786825959037
25.11,1786825958925
25.11,1786825958812
25.128,1786825958574
25.128,1786825958462
25.128,1786825958350
25.128,1786825958238
25.128,1786825958112
25.128,1786825958001
25.128,1786825957889
25.128,1786825957777
25.128,1786825957665
25.092,1786825957539
25.092,1786825957427
25.092,1786825957315
25.092,1786825957203
25.092,1786825957091
25.092,1786825956964
25.092,1786825956852
25.092,1786825956740
25.092,1786825956628
25.092,1786825956516
25.146,1786825956390
25.146,1786825956278
25.146,1786825956166
25.146,1786825956054
25.146,1786825955942
25.146,1786825955816
25.146,1786825955704
25.146,1786825955592
25.146,1786825955480
25.146,1786825955368
25.056,1786825955242
25.056,1786825955130
25.056,1786825955018
25.056,1786825954906
25.056,1786825954794
25.056,1786825954668
25.056,1786825954556
25.056,1786825954444
25.056,1786825954332
25.056,1786825954105
25.155,1786825953983
25.155,1786825953871
25.155,1786825953647
25.155,1786825953530
25.155,1786825953408
25.155,1786825953297
25.155,1786825953074
25.155,1786825952957
25.083,1786825952835
25.083,1786825952723
25.083,1786825952609
25.083,1786825952499
25.083,1786825952382
25.083,1786825952260
25.083,1786825952147
25.083,1786825951924
25.083,1786825951807
25.11,1786825951685
25.11,1786825951573
25.11,1786825951460
25.11,1786825951350
25.11,1786825951233
25.11,1786825951111
25.11,1786825950999
25.11,1786825950886
25.11,1786825950660
25.092,1786825950538
25.092,1786825950426
25.092,1786825950312
25.092,1786825950086
25.092,1786825949964
25.092,1786825949852
25.092,1786825949738
25.092,1786825949512
25.137,1786825949390
25.137,1786825949278
25.137,1786825949164
25.137,1786825948938
25.137,1786825948826
25.137,1786825948704
25.137,1786825948590
25.137,1786825948482
25.137,1786825948365
25.137,1786825948252
25.128,1786825948130
25.128,1786825948016
25.128,1786825947907
25.128,1786825947790
25.128,1786825947678
25.128,1786825947556
25.128,1786825947442
25.128,1786825947333
25.128,1786825947217
25.128,1786825947104
25.137,1786825946982
25.137,1786825946868
25.137,1786825946759
25.137,1786825946642
25.137,1786825946530
25.137,1786825946294
25.137,1786825946184
25.137,1786825946068
25.137,1786825945956
25.101,1786825945834
25.101,1786825945720
25.101,1786825945611
25.101,1786825945494
25.101,1786825945382
25.101,1786825945260
25.101,1786825945146
25.101,1786825945037
25.101,1786825944920
25.128,1786825944572
25.128,1786825944462
25.128,1786825944234
25.128,1786825944112
25.128,1786825943998
25.128,1786825943888
25.128,1786825943772
25.128,1786825943660
25.128,1786825943548
25.056,1786825943424
25.056,1786825943315
25.056,1786825943198
25.056,1786825943086
25.056,1786825942973
25.056,1786825942850
25.056,1786825942738
25.056,1786825942626
25.056,1786825942402
25.128,1786825942170
25.128,1786825942053
25.128,1786825941941
25.128,1786825941829
25.128,1786825941707
25.128,1786825941595
25.128,1786825941478
25.128,1786825941366
25.128,1786825941255
25.056,1786825941133
25.056,1786825940904
25.056,1786825940792
25.056,1786825940680
25.056,1786825940557
25.056,1786825940328
25.056,1786825940216
25.209,1786825939982
25.209,1786825939870
25.209,1786825939753
25.209,1786825939641
25.209,1786825939405
25.209,1786825939296
25.209,1786825939179
25.209,1786825939067
25.209,1786825938955
25.101,1786825938831
25.101,1786825938722
25.101,1786825938605
25.101,1786825938492
25.101,1786825938381
25.101,1786825938268
25.101,1786825938148
25.101,1786825938032
25.101,1786825937921
25.101,1786825937809
25.101,1786825937697
25.128,1786825937574
25.128,1786825937458
25.128,1786825937346
25.128,1786825937234
25.128,1786825937120
25.128,1786825937001
25.128,1786825936884
25.128,1786825936772
25.128,1786825936660
25.128,1786825936546
25.092,1786825936427
25.092,1786825936310
25.092,1786825936198
25.092,1786825936086
25.092,1786825935973
25.092,1786825935736
25.092,1786825935624
25.092,1786825935512
25.056,1786825935284
25.056,1786825935168
25.056,1786825935054
25.056,1786825934942
25.056,1786825934829
25.056,1786825934708
25.056,1786825934592
25.056,1786825934480
25.056,1786825934368
25.056,1786825934255
25.11,1786825934134
25.11,1786825934018
25.11,1786825933906
25.11,1786825933794
25.11,1786825933681
25.11,1786825933560
25.11,1786825933445
25.11,1786825933221
25.11,1786825933109
25.11,1786825932999
25.155,1786825932871
25.155,1786825932759
25.155,1786825932647
25.155,1786825932535
25.155,1786825932295
25.155,1786825932071
25.155,1786825931959
25.092,1786825931720
25.092,1786825931608
25.092,1786825931496
25.092,1786825931384
25.092,1786825931270
25.092,1786825931148
25.092,1786825931036
25.092,1786825930924
25.092,1786825930812
25.092,1786825930695
25.137,1786825930573
25.137,1786825930461
25.137,1786825930349
25.137,1786825930237
25.137,1786825930120
25.137,1786825929998
25.137,1786825929886
25.137,1786825929774
25.137,1786825929662
25.137,1786825929546
25.11,1786825929424
25.11,1786825929312
25.11,1786825929087
25.11,1786825928970
25.11,1786825928848
25.11,1786825928736
25.11,1786825928624
25.11,1786825928512
25.11,1786825928395
25.128,1786825928273
25.128,1786825928161
25.128,1786825928049
25.128,1786825927937
25.128,1786825927820
25.128,1786825927708
25.128,1786825927474
25.128,1786825927362
25.128,1786825927245
25.11,1786825927010
25.11,1786825926898
25.11,1786825926562
25.11,1786825926439
25.11,1786825926326
25.11,1786825926218
25.11,1786825926101
25.11,1786825925989
25.119,1786825925867
25.119,1786825925754
25.119,1786825925643
25.119,1786825925527
25.119,1786825925415
25.119,1786825925181
25.119,1786825925068
25.119,1786825924951
25.119,1786825924839
25.092,1786825924605
25.092,1786825924499
25.092,1786825924382
25.092,1786825924270
25.092,1786825924148
25.092,1786825924036
25.092,1786825923924
25.092,1786825923807
25.092,1786825923695
25.11,1786825923573
25.11,1786825923461
25.11,1786825923349
25.11,1786825923232
25.11,1786825923120
25.11,1786825922998
25.11,1786825922884
25.11,1786825922776
25.11,1786825922659
25.11,1786825922435
25.092,1786825922313
25.092,1786825922201
25.092,1786825922089
25.092,1786825921977
25.092,1786825921864
25.092,1786825921742
25.092,1786825921518
25.092,1786825921406
25.092,1786825921294
25.092,1786825921171
25.092,1786825921061
25.092,1786825920944
25.092,1786825920832
25.092,1786825920720
25.092,1786825920597
25.092,1786825920486
25.092,1786825920257
25.092,1786825920145
25.11,1786825920022
25.11,1786825919795
25.11,1786825919683
25.11,1786825919571
25.11,1786825919448
25.11,1786825919221
25.11,1786825919109
25.11,1786825918997
25.146,1786825918874
25.146,1786825918763
25.146,1786825918535
25.146,1786825918423
25.146,1786825918301
25.146,1786825918189
25.146,1786825918072
25.146,1786825917960
25.146,1786825917848
25.164,1786825917726
25.164,1786825917614
25.164,1786825917497
25.164,1786825917385
25.164,1786825917273
25.164,1786825917161
25.164,1786825917039
25.164,1786825916922
25.164,1786825916810
25.164,1786825916698
25.164,1786825916586
25.083,1786825916464
25.083,1786825916347
25.083,1786825916235
25.083,1786825916123
25.083,1786825916010
25.083,1786825915889
25.083,1786825915771
25.083,1786825915659
25.083,1786825915547
25.083,1786825915434
25.092,1786825915314
25.092,1786825915197
25.092,1786825915085
25.092,1786825914973
25.092,1786825914862
25.092,1786825914742
25.092,1786825914625
25.092,1786825914401
25.092,1786825914288
25.173,1786825914168
25.173,1786825914051
25.173,1786825913939
25.173,1786825913827
25.173,1786825913593
25.173,1786825913477
25.173,1786825913365
25.173,1786825913253
25.173,1786825913140
25.119,1786825913020
25.119,1786825912903
25.119,1786825912792
25.119,1786825912680
25.119,1786825912567
25.119,1786825912456
25.119,1786825912330
25.119,1786825912218
25.119,1786825912106
25.119,1786825911993
25.119,1786825911882
25.119,1786825911755
25.119,1786825911643
25.119,1786825911531
25.119,1786825911417
25.119,1786825911307
25.119,1786825911181
25.119,1786825911069
25.119,1786825910957
25.119,1786825910843
25.119,1786825910726
25.155,1786825910606
25.155,1786825910492
25.155,1786825910380
25.155,1786825910268
25.155,1786825909920
25.155,1786825909808
25.155,1786825909694
25.155,1786825909584
25.155,1786825909458
25.155,1786825909346
25.155,1786825909234
25.155,1786825909120
25.155,1786825909010
25.155,1786825908885
25.155,1786825908773
25.155,1786825908661
25.155,1786825908548
25.155,1786825908431
25.137,1786825908309
25.137,1786825908197
25.137,1786825908085
25.137,1786825907973
25.137,1786825907856
25.137,1786825907734
25.137,1786825907622
25.137,1786825907510
25.137,1786825907398
25.137,1786825907283
25.137,1786825907171
25.137,1786825907049
25.137,1786825906937
25.137,1786825906595
25.137,1786825906473
25.137,1786825906361
25.137,1786825906135
25.137,1786825906023
25.092,1786825905901
25.092,1786825905789
25.092,1786825905677
25.092,1786825905560
25.092,1786825905448
25.092,1786825905327
25.092,1786825905215
25.092,1786825905103
25.092,1786825904986
25.092,1786825904874
25.137,1786825904752
25.137,1786825904640
25.137,1786825904528
25.137,1786825904411
25.137,1786825904299
25.137,1786825904177
25.137,1786825904065
25.137,1786825903953
25.137,1786825903836
25.137,1786825903602
25.137,1786825903490
25.137,1786825903378
25.137,1786825903259
25.137,1786825903147
25.137,1786825902911
25.137,1786825902801
25.137,1786825902685
25.137,1786825902573
25.056,1786825902451
25.056,1786825902228
25.056,1786825902111
25.056,1786825901999
25.056,1786825901765
25.056,1786825901654
25.056,1786825901538
25.056,1786825901426
25.056,1786825901314
25.056,1786825901191
25.056,1786825901082
25.056,1786825900967
25.056,1786825900855
25.056,1786825900743
25.056,1786825900619
25.056,1786825900509
25.056,1786825900393
25.056,1786825900281
25.056,1786825900170
25.137,1786825900048
25.137,1786825899936
25.137,1786825899819
25.137,1786825899707
25.137,1786825899595
25.137,1786825899471
25.137,1786825899361
25.137,1786825899245
25.137,1786825899133
25.137,1786825899021
25.173,1786825898896
25.173,1786825898786
25.173,1786825898670
25.173,1786825898558
25.173,1786825898446
25.173,1786825898322
25.173,1786825898214
25.173,1786825898097
25.173,1786825897985
25.173,1786825897873
25.155,1786825897749
25.155,1786825897639
25.155,1786825897523
25.155,1786825897410
25.155,1786825897298
25.155,1786825897176
25.155,1786825897064
25.155,1786825896952
25.155,1786825896840
25.155,1786825896728
25.155,1786825896613
25.146,1786825896492
25.146,1786825896375
25.146,1786825896263
25.146,1786825896150
25.146,1786825896035
25.146,1786825895914
25.146,1786825895798
25.146,1786825895685
25.146,1786825895572
25.146,1786825895460
25.128,1786825895338
25.128,1786825895220
25.128,1786825895107
25.128,1786825894995
25.128,1786825894880
25.128,1786825894760
25.128,1786825894644
25.128,1786825894532
25.128,1786825894420
25.128,1786825894306
25.092,1786825894070
25.092,1786825893958
25.092,1786825893846
25.092,1786825893734
25.092,1786825893612
25.092,1786825893502
25.092,1786825893391
25.092,1786825893281
25.092,1786825893167
25.209,1786825893047
25.209,1786825892932
25.209,1786825892821
25.209,1786825892709
25.209,1786825892597
25.209,1786825892480
25.209,1786825892363
25.209,1786825892251
25.209,1786825892139
25.209,1786825891915
25.146,1786825891788
25.146,1786825891677
25.146,1786825891565
25.146,1786825891453
25.146,1786825891345
25.146,1786825891218
25.146,1786825891106
25.146,1786825890994
25.146,1786825890881
25.146,1786825890775
25.056,1786825890648
25.056,1786825890423
25.056,1786825890309
25.056,1786825890203
25.056,1786825890076
25.056,1786825889964
25.056,1786825889851
25.056,1786825889737
25.056,1786825889628
25.146,1786825889501
25.146,1786825889389
25.146,1786825889275
25.146,1786825889162
25.146,1786825889051
25.146,1786825888925
25.146,1786825888815
25.146,1786825888703
25.146,1786825888589
25.146,1786825888479
25.11,1786825888353
25.11,1786825888241
25.11,1786825888129
25.11,1786825888014
25.11,1786825887904
25.11,1786825887778
25.11,1786825887666
25.11,1786825887554
25.11,1786825887440
25.11,1786825887330
25.164,1786825887214
25.164,1786825887092
25.164,1786825886980
25.164,1786825886756
25.164,1786825886639
25.164,1786825886517
25.164,1786825886405
25.164,1786825886293
25.164,1786825886176
25.164,1786825886062
25.119,1786825885940
25.119,1786825885828
25.119,1786825885716
25.119,1786825885604
25.119,1786825885485
25.119,1786825885363
25.119,1786825885251
25.119,1786825885024
25.119,1786825884912
25.119,1786825884790
25.119,1786825884678
25.119,1786825884451
25.119,1786825884339
25.119,1786825884217
25.119,1786825884105
25.119,1786825883993
25.119,1786825883877
25.119,1786825883765
25.092,1786825883533
25.092,1786825883421
25.092,1786825883309
25.092,1786825883197
25.092,1786825883075
25.092,1786825882963
25.092,1786825882851
25.092,1786825882737
25.092,1786825882625
25.146,1786825882504
25.146,1786825882392
25.146,1786825882280
25.146,1786825882165
25.146,1786825882053
25.146,1786825881941
25.146,1786825881819
25.146,1786825881707
25.146,1786825881594
25.146,1786825881482
25.146,1786825881370
25.209,1786825881248
25.209,1786825881136
25.209,1786825881023
25.209,1786825880911
25.209,1786825880677
25.209,1786825880565
25.209,1786825880449
25.209,1786825880337
25.209,1786825880225
25.056,1786825880103
25.056,1786825879991
25.056,1786825879875
25.056,1786825879763
25.056,1786825879651
25.056,1786825879529
25.056,1786825879417
25.056,1786825879301
25.056,1786825879189
25.056,1786825879077
25.137,1786825878843
25.137,1786825878728
25.137,1786825878616
25.137,1786825878504
25.137,1786825878382
25.137,1786825878270
25.137,1786825878155
25.137,1786825878043
25.137,1786825877931
25.128,1786825877809
25.128,1786825877697
25.128,1786825877581
25.128,1786825877469
25.128,1786825877357
25.128,1786825877122
25.128,1786825877010
25.128,1786825876898
25.128,1786825876786
25.128,1786825876674
25.128,1786825876552
25.128,1786825876436
25.128,1786825876324
25.128,1786825876212
25.128,1786825876098
25.128,1786825875979
25.128,1786825875862
25.128,1786825875750
25.128,1786825875638
25.128,1786825875524
25.137,1786825875403
25.137,1786825875288
25.137,1786825875176
25.137,1786825875064
25.137,1786825874950
25.137,1786825874714
25.137,1786825874602
25.137,1786825874490
25.137,1786825874378
25.128,1786825874140
25.128,1786825874028
25.128,1786825873916
25.128,1786825873804
25.128,1786825873682
25.128,1786825873566
25.128,1786825873454
25.128,1786825873342
25.164,1786825873108
25.164,1786825872992
25.164,1786825872879
25.164,1786825872767
25.164,1786825872655
25.164,1786825872533
25.164,1786825872418
25.164,1786825872306
25.164,1786825872194
25.164,1786825872082
25.146,1786825871960
25.146,1786825871844
25.146,1786825871732
25.146,1786825871620
25.146,1786825871508
25.146,1786825871396
25.146,1786825871271
25.146,1786825871159
25.146,1786825871047
25.146,1786825870935
25.146,1786825870823
25.155,1786825870585
25.155,1786825870361
25.155,1786825870249
25.155,1786825870124
25.155,1786825870012
25.155,1786825869900
25.155,1786825869788
25.155,1786825869676
25.173,1786825869549
25.173,1786825869437
25.173,1786825869325
25.173,1786825869213
25.173,1786825869101
25.173,1786825868975
25.173,1786825868863
25.173,1786825868751
25.173,1786825868639
25.173,1786825868527
25.128,1786825868401
25.128,1786825868289
25.128,1786825868177
25.128,1786825868065
25.128,1786825867827
25.128,1786825867715
25.128,1786825867489
25.128,1786825867381
25.146,1786825867254
25.146,1786825867142
25.146,1786825867030
25.146,1786825866916
25.146,1786825866808
25.146,1786825866681
25.146,1786825866569
25.146,1786825866455
25.146,1786825866233
25.11,1786825866115
25.11,1786825865995
25.11,1786825865881
25.11,1786825865768
25.11,1786825865659
25.11,1786825865542
25.11,1786825865420
25.11,1786825865308
25.11,1786825865195
25.11,1786825865086
25.11,1786825864970
25.128,1786825864849
25.128,1786825864737
25.128,1786825864623
25.128,1786825864512
25.128,1786825864396
25.128,1786825864274
25.128,1786825864162
25.128,1786825864049
25.128,1786825863937
25.128,1786825863820
25.146,1786825863698
25.146,1786825863586
25.146,1786825863474
25.146,1786825863362
25.146,1786825863245
25.146,1786825863011
25.146,1786825862897
25.146,1786825862787
25.146,1786825862671
25.146,1786825862437
25.146,1786825862323
25.146,1786825862213
25.146,1786825862097
25.146,1786825861975
25.146,1786825861863
25.146,1786825861751
25.146,1786825861639
25.146,1786825861523
25.11,1786825861401
25.11,1786825861177
25.11,1786825861065
25.11,1786825860715
25.11,1786825860603
25.11,1786825860490
25.11,1786825860261
25.173,1786825860025
25.173,1786825859915
25.173,1786825859686
25.173,1786825859453
25.173,1786825859341
25.173,1786825859112
25.128,1786825858879
25.128,1786825858766
25.128,1786825858536
25.128,1786825858301
25.128,1786825858190
25.128,1786825857962
25.092,1786825857842
25.092,1786825857728
25.092,1786825857619
25.092,1786825857391
25.092,1786825857269
25.092,1786825857157
25.092,1786825857045
25.092,1786825856933
25.092,1786825856821
25.182,1786825856699
25.182,1786825856587
25.182,1786825856475
25.182,1786825856358
25.182,1786825856246
25.182,1786825856124
25.182,1786825856012
25.182,1786825855900
25.182,1786825855783
25.182,1786825855671
25.146,1786825855559
25.146,1786825855437
25.146,1786825855320
25.146,1786825855208
25.146,1786825855096
25.146,1786825854984
25.146,1786825854862
25.146,1786825854745
25.146,1786825854633
25.146,1786825854521
25.146,1786825854408
25.164,1786825854286
25.164,1786825854169
25.164,1786825854057
25.164,1786825853945
25.164,1786825853833
25.164,1786825853711
25.164,1786825853594
25.164,1786825853482
25.164,1786825853370
25.164,1786825853258
25.182,1786825853136
25.182,1786825853020
25.182,1786825852908
25.182,1786825852684
25.182,1786825852562
25.182,1786825852446
25.182,1786825852334
25.182,1786825852222
25.182,1786825852108
25.137,1786825851986
25.137,1786825851869
25.137,1786825851757
25.137,1786825851645
25.137,1786825851533
25.137,1786825851411
25.137,1786825851294
25.137,1786825851181
25.137,1786825851069
25.137,1786825850957
25.137,1786825850835
25.137,1786825850718
25.137,1786825850606
25.137,1786825850493
25.137,1786825850381
25.137,1786825850269
25.137,1786825850142
25.137,1786825850032
25.137,1786825849920
25.137,1786825849807
25.137,1786825849695
25.128,1786825849568
25.128,1786825849456
25.128,1786825849344
25.128,1786825849232
25.128,1786825849119
25.128,1786825848993
25.128,1786825848881
25.128,1786825848769
25.128,1786825848657
25.128,1786825848545
25.182,1786825848418
25.182,1786825848306
25.182,1786825848194
25.182,1786825848081
25.182,1786825847969
25.182,1786825847843
25.182,1786825847730
25.182,1786825847618
25.182,1786825847394
25.164,1786825847268
25.164,1786825847156
25.164,1786825847044
25.164,1786825846932
25.164,1786825846820
25.164,1786825846695
25.164,1786825846583
25.164,1786825846471
25.164,1786825846359
25.164,1786825846120
25.164,1786825846008
25.164,1786825845896
25.164,1786825845784
25.164,1786825845551
25.164,1786825845327
25.164,1786825845216
25.164,1786825845104
25.182,1786825844987
25.182,1786825844754
25.182,1786825844642
25.182,1786825844530
25.182,1786825844413
25.182,1786825844291
25.182,1786825844179
25.182,1786825844067
25.182,1786825843956
25.182,1786825843839
25.182,1786825843717
25.182,1786825843605
25.182,1786825843493
25.182,1786825843381
25.182,1786825843264
25.182,1786825843029
25.182,1786825842917
25.182,1786825842805
25.182,1786825842688
25.173,1786825842454
25.173,1786825842342
25.173,1786825842230
25.173,1786825842112
25.173,1786825841992
25.173,1786825841880
25.173,1786825841768
25.173,1786825841656
25.173,1786825841539
25.155,1786825841417
25.155,1786825841305
25.155,1786825841192
25.155,1786825841080
25.155,1786825840963
25.155,1786825840841
25.155,1786825840729
25.155,1786825840615
25.155,1786825840505
25.155,1786825840388
25.182,1786825840266
25.182,1786825840154
25.182,1786825840042
25.182,1786825839813
25.182,1786825839701
25.182,1786825839579
25.182,1786825839465
25.182,1786825839356
25.182,1786825839239
25.182,1786825839127
25.173,1786825838890
25.173,1786825838779
25.173,1786825838663
25.173,1786825838552
25.173,1786825838316
25.173,1786825838206
25.173,1786825838089
25.173,1786825837977
25.173,1786825837857
25.173,1786825837743
25.173,1786825837633
25.173,1786825837516
25.173,1786825837404
25.173,1786825837282
25.173,1786825837168
25.173,1786825837058
25.173,1786825836942
25.173,1786825836830
25.146,1786825836708
25.146,1786825836593
25.146,1786825836483
25.146,1786825836367
25.146,1786825836255
25.146,1786825836133
25.146,1786825836019
25.146,1786825835911
25.146,1786825835794
25.191,1786825835560
25.191,1786825835338
25.191,1786825835221
25.191,1786825835109
25.191,1786825834987
25.191,1786825834765
25.191,1786825834646
25.191,1786825834534
25.128,1786825834422
25.128,1786825834299
25.128,1786825834190
25.128,1786825834073
25.128,1786825833961
25.128,1786825833849
25.128,1786825833726
25.128,1786825833615
25.128,1786825833499
25.128,1786825833387
25.128,1786825833274
25.209,1786825833153
25.209,1786825833042
25.209,1786825832927
25.209,1786825832815
25.209,1786825832579
25.209,1786825832469
25.209,1786825832353
25.209,1786825832241
25.209,1786825832130
25.245,1786825832006
25.245,1786825831897
25.245,1786825831780
25.245,1786825831668
25.245,1786825831556
25.245,1786825831434
25.245,1786825831322
25.245,1786825831205
25.245,1786825830981
25.128,1786825830859
25.128,1786825830747
25.128,1786825830630
25.128,1786825830518
25.128,1786825830406
25.128,1786825830282
25.128,1786825829944
25.128,1786825829707
25.128,1786825829598
25.128,1786825829370
25.128,1786825829258
25.128,1786825829144
25.128,1786825829024
25.128,1786825828908
25.128,1786825828796
25.128,1786825828684
25.128,1786825828572
25.182,1786825828450
25.182,1786825828333
25.182,1786825828221
25.182,1786825828109
25.182,1786825827996
25.182,1786825827874
25.182,1786825827757
25.182,1786825827645
25.182,1786825827533
25.191,1786825827300
25.191,1786825827183
25.191,1786825826847
25.191,1786825826721
25.191,1786825826609
25.191,1786825826497
25.191,1786825826385
25.191,1786825826273
25.182,1786825826151
25.182,1786825826034
25.182,1786825825809
25.182,1786825825697
25.182,1786825825575
25.182,1786825825351
25.182,1786825825239
25.182,1786825825127
25.209,1786825825004
25.209,1786825824887
25.209,1786825824775
25.209,1786825824663
25.209,1786825824551
25.209,1786825824422
25.209,1786825824310
25.209,1786825824198
25.209,1786825823976
25.128,1786825823865
25.128,1786825823738
25.128,1786825823625
25.128,1786825823513
25.128,1786825823401
25.128,1786825823161
25.128,1786825823048
25.128,1786825822936
25.128,1786825822824
25.128,1786825822706
25.128,1786825822584
25.128,1786825822471
25.128,1786825822359
25.128,1786825822247
25.128,1786825822130
25.128,1786825822008
25.128,1786825821895
25.128,1786825821783
25.128,1786825821671
25.128,1786825821554
25.173,1786825821432
25.173,1786825821320
25.173,1786825821208
25.173,1786825821096
25.173,1786825820979
25.173,1786825820857
25.173,1786825820746
25.173,1786825820634
25.173,1786825820522
25.173,1786825820408
25.245,1786825820287
25.245,1786825820175
25.245,1786825820064
25.245,1786825819836
25.245,1786825819603
25.245,1786825819379
25.245,1786825819267
25.2,1786825819028
25.2,1786825818916
25.2,1786825818804
25.2,1786825818692
25.2,1786825818575
25.2,1786825818453
25.2,1786825818341
25.2,1786825818229
25.2,1786825818117
25.2,1786825818000
25.209,1786825817878
25.209,1786825817654
25.209,1786825817537
25.209,1786825817424
25.209,1786825817302
25.209,1786825817078
25.209,1786825816959
25.209,1786825816847
25.281,1786825816725
25.281,1786825816615
25.281,1786825816502
25.281,1786825816386
25.281,1786825816271
25.281,1786825816149
25.281,1786825816037
25.281,1786825815925
25.281,1786825815809
25.281,1786825815697
25.092,1786825815575
25.092,1786825815462
25.092,1786825815351
25.092,1786825815238
25.092,1786825815126
25.092,1786825815004
25.092,1786825814892
25.092,1786825814780
25.092,1786825814665
25.092,1786825814553
25.191,1786825814431
25.191,1786825814320
25.191,1786825814208
25.191,1786825814096
25.191,1786825813862
25.191,1786825813750
25.191,1786825813638
25.191,1786825813521
25.191,1786825813409
25.164,1786825813297
25.164,1786825813064
25.164,1786825812948
25.164,1786825812836
25.164,1786825812724
25.164,1786825812603
25.164,1786825812491
25.164,1786825812374
25.164,1786825812262
25.164,1786825812149
25.209,1786825812025
25.209,1786825811913
25.209,1786825811796
25.209,1786825811572
25.209,1786825811450
25.209,1786825811338
25.209,1786825811221
25.209,1786825810996
25.281,1786825810762
25.281,1786825810648
25.281,1786825810537
25.281,1786825810425
25.281,1786825810303
25.281,1786825810191
25.281,1786825810074
25.281,1786825809962
25.281,1786825809850
25.2,1786825809728
25.2,1786825809616
25.2,1786825809499
25.2,1786825809387
25.2,1786825809275
25.2,1786825809153
25.2,1786825809041
25.2,1786825808925
25.2,1786825808813
25.2,1786825808701
25.182,1786825808579
25.182,1786825808467
25.182,1786825808351
25.182,1786825808239
25.182,1786825808127
25.182,1786825807893
25.182,1786825807778
25.182,1786825807666
25.182,1786825807554
25.182,1786825807442
25.191,1786825807203
25.191,1786825807091
25.191,1786825806979
25.191,1786825806866
25.191,1786825806744
25.191,1786825806628
25.191,1786825806516
25.191,1786825806404
25.191,1786825806292
25.245,1786825806170
25.245,1786825806053
25.245,1786825805941
25.245,1786825805829
25.245,1786825805717
25.245,1786825805595
25.245,1786825805478
25.245,1786825805366
25.245,1786825805254
25.245,1786825805142
25.218,1786825805020
25.218,1786825804903
25.218,1786825804791
25.218,1786825804679
25.218,1786825804567
25.218,1786825804329
25.218,1786825804217
25.218,1786825804105
25.218,1786825803993
25.173,1786825803753
25.173,1786825803641
25.173,1786825803416
25.173,1786825803178
25.173,1786825803067
25.173,1786825802954
25.173,1786825802842
25.128,1786825802730
25.128,1786825802604
25.128,1786825802492
25.128,1786825802268
25.128,1786825802156
25.128,1786825802030
25.128,1786825801918
25.128,1786825801806
25.128,1786825801693
25.128,1786825801582
25.182,1786825801455
25.182,1786825801343
25.182,1786825801231
25.182,1786825801119
25.182,1786825801007
25.182,1786825800880
25.182,1786825800770
25.182,1786825800546
25.182,1786825800434
25.182,1786825800310
25.182,1786825800198
25.182,1786825800086
25.182,1786825799862
25.182,1786825799736
25.182,1786825799624
25.182,1786825799512
25.182,1786825799288
25.182,1786825799161
25.182,1786825799049
25.182,1786825798937
25.182,1786825798713
25.182,1786825798589
25.182,1786825798365
25.182,1786825798253
25.182,1786825798141
25.218,1786825798014
25.218,1786825797902
25.218,1786825797790
25.218,1786825797678
25.218,1786825797566
25.218,1786825797449
25.218,1786825797327
25.218,1786825797215
25.218,1786825797103
25.218,1786825796874
25.227,1786825796752
25.227,1786825796640
25.227,1786825796528
25.227,1786825796416
25.227,1786825796298
25.227,1786825796064
25.227,1786825795952
25.227,1786825795840
25.227,1786825795726
25.182,1786825795604
25.182,1786825795492
25.182,1786825795380
25.182,1786825795268
25.182,1786825795152
25.182,1786825795030
25.182,1786825794918
25.182,1786825794806
25.182,1786825794694
25.182,1786825794577
25.2,1786825794455
25.2,1786825794233
25.2,1786825794121
25.2,1786825793881
25.2,1786825793769
25.2,1786825793659
25.2,1786825793545
25.2,1786825793431
25.164,1786825793307
25.164,1786825793195
25.164,1786825793083
25.164,1786825792971
25.164,1786825792855
25.164,1786825792733
25.164,1786825792621
25.164,1786825792509
25.164,1786825792401
25.164,1786825792284
25.182,1786825792172
25.182,1786825792050
25.182,1786825791936
25.182,1786825791828
25.182,1786825791711
25.182,1786825791599
25.182,1786825791477
25.182,1786825791253
25.182,1786825791137
25.245,1786825790902
25.245,1786825790678
25.245,1786825790561
25.245,1786825790449
25.245,1786825790327
25.245,1786825790215
25.245,1786825790103
25.245,1786825789987
25.245,1786825789875
25.245,1786825789753
25.245,1786825789641
25.245,1786825789529
25.245,1786825789413
25.245,1786825789301
25.245,1786825789179
25.245,1786825789068
25.245,1786825788957
25.245,1786825788839
25.245,1786825788727
25.2,1786825788605
25.2,1786825788493
25.2,1786825788381
25.2,1786825788266
25.2,1786825788156
25.2,1786825788034
25.2,1786825787922
25.2,1786825787810
25.2,1786825787694
25.2,1786825787582
25.209,1786825787460
25.209,1786825787348
25.209,1786825787236
25.209,1786825787120
25.209,1786825787008
25.209,1786825786896
25.209,1786825786773
25.209,1786825786661
25.209,1786825786545
25.209,1786825786433
25.209,1786825786321
25.209,1786825786199
25.209,1786825786087
25.209,1786825785971
25.209,1786825785859
25.209,1786825785746
25.209,1786825785622
25.209,1786825785510
25.209,1786825785394
25.209,1786825785048
25.209,1786825784936
25.209,1786825784822
25.209,1786825784710
25.209,1786825784598
25.209,1786825784476
25.209,1786825784364
25.209,1786825784249
25.209,1786825784137
25.209,1786825784025
25.191,1786825783903
25.191,1786825783793
25.191,1786825783677
25.191,1786825783565
25.191,1786825783453
25.191,1786825783331
25.191,1786825783219
25.191,1786825783103
25.191,1786825782991
25.191,1786825782879
25.191,1786825782757
25.191,1786825782645
25.191,1786825782418
25.191,1786825782306
25.191,1786825782184
25.191,1786825782072
25.191,1786825781843
25.191,1786825781731
25.218,1786825781619
25.218,1786825781497
25.218,1786825781381
25.218,1786825781269
25.218,1786825781157
25.218,1786825781043
25.218,1786825780924
25.218,1786825780807
25.218,1786825780695
25.218,1786825780583
25.218,1786825780471
25.218,1786825780349
25.218,1786825780233
25.218,1786825780121
25.218,1786825780009
25.218,1786825779895
25.218,1786825779776
25.218,1786825779659
25.218,1786825779436
25.218,1786825779322
25.191,1786825779203
25.191,1786825779086
25.191,1786825778974
25.191,1786825778862
25.191,1786825778748
25.191,1786825778629
25.191,1786825778512
25.191,1786825778400
25.191,1786825778288
25.191,1786825778174
25.227,1786825777938
25.227,1786825777826
25.227,1786825777600
25.227,1786825777480
25.227,1786825777364
25.227,1786825777251
25.227,1786825777139
25.227,1786825777025
25.263,1786825776915
25.263,1786825776789
25.263,1786825776677
25.263,1786825776565
25.263,1786825776339
25.263,1786825776213
25.263,1786825776103
25.263,1786825775991
25.263,1786825775877
25.263,1786825775764
25.227,1786825775637
25.227,1786825775525
25.227,1786825775413
25.227,1786825775303
25.227,1786825774953
25.227,1786825774839
25.227,1786825774726
25.227,1786825774615
25.227,1786825774379
25.227,1786825774267
25.227,1786825774155
25.227,1786825774043
25.227,1786825773804
25.227,1786825773692
25.227,1786825773580
25.227,1786825773468
25.245,1786825773341
25.245,1786825773229
25.245,1786825773118
25.245,1786825773006
25.245,1786825772894
25.245,1786825772543
25.245,1786825772431
25.245,1786825772319
25.218,1786825772192
25.218,1786825772080
25.218,1786825771968
25.218,1786825771856
25.218,1786825771627
25.218,1786825771505
25.218,1786825771393
25.218,1786825771281
25.218,1786825771169
25.218,1786825771052
25.236,1786825770930
25.236,1786825770706
25.236,1786825770594
25.236,1786825770476
25.236,1786825770354
25.236,1786825770242
25.236,1786825770130
25.236,1786825770018
25.236,1786825769901
25.209,1786825769667
25.209,1786825769555
25.209,1786825769326
25.209,1786825769204
25.209,1786825769092
25.209,1786825768980
25.209,1786825768868
25.209,1786825768751
25.245,1786825768629
25.245,1786825768517
25.245,1786825768405
25.245,1786825768288
25.245,1786825768176
25.245,1786825767942
25.245,1786825767830
25.245,1786825767713
25.245,1786825767601
25.254,1786825767479
25.254,1786825767367
25.254,1786825767255
25.254,1786825767138
25.254,1786825767026
25.254,1786825766904
25.254,1786825766790
25.254,1786825766680
25.254,1786825766563
25.254,1786825766451
25.245,1786825766339
25.245,1786825766217
25.245,1786825766103
25.245,1786825765991
25.245,1786825765874
25.245,1786825765762
25.245,1786825765528
25.245,1786825765411
25.245,1786825765301
25.245,1786825765188
25.263,1786825765066
25.263,1786825764954
25.263,1786825764837
25.263,1786825764725
25.263,1786825764613
25.263,1786825764491
25.263,1786825764379
25.263,1786825764150
25.263,1786825764038
25.218,1786825763804
25.218,1786825763687
25.218,1786825763463
25.218,1786825763229
25.182,1786825762767
25.182,1786825762538
25.182,1786825762426
25.182,1786825762314
25.182,1786825762192
25.182,1786825761964
25.182,1786825761852
25.182,1786825761740
25.2,1786825761618
25.2,1786825761506
25.2,1786825761391
25.2,1786825761279
25.2,1786825761167
25.2,1786825761055
25.2,1786825760933
25.2,1786825760817
25.2,1786825760705
25.2,1786825760591
25.2,1786825760481
25.299,1786825760357
25.299,1786825760240
25.299,1786825760128
25.299,1786825760018
25.299,1786825759905
25.299,1786825759783
25.299,1786825759669
25.299,1786825759557
25.299,1786825759445
25.299,1786825759333
25.533,1786825759211
25.533,1786825759094
25.533,1786825758870
25.533,1786825758758
25.533,1786825758636
25.533,1786825758519
25.533,1786825758407
25.533,1786825758295
25.533,1786825758183
25.47,1786825758061
25.47,1786825757945
25.47,1786825757833
25.47,1786825757721
25.47,1786825757609
25.47,1786825757487
25.47,1786825757370
25.47,1786825757258
25.47,1786825757146
25.47,1786825757034
25.47,1786825756912
25.47,1786825756796
25.47,1786825756684
25.47,1786825756572
25.47,1786825756460
25.47,1786825756338
25.47,1786825756221
25.47,1786825756109
25.47,1786825755997
25.47,1786825755885
25.479,1786825755773
25.479,1786825755646
25.479,1786825755422
25.479,1786825755309
25.479,1786825755197
25.479,1786825755070
25.479,1786825754958
25.479,1786825754846
25.479,1786825754621
25.515,1786825754494
25.515,1786825754382
25.515,1786825754270
25.515,1786825754158
25.515,1786825754046
25.515,1786825753920
25.515,1786825753808
25.515,1786825753696
25.461,1786825753345
25.461,1786825753233
25.461,1786825753121
25.461,1786825753009
25.461,1786825752897
25.461,1786825752770
25.461,1786825752544
25.461,1786825752320
25.461,1786825752193
25.461,1786825752081
25.461,1786825751969
25.461,1786825751745
25.461,1786825751618
25.461,1786825751506
25.461,1786825751394
25.461,1786825751170
25.443,1786825751043
25.443,1786825750931
25.443,1786825750819
25.443,1786825750706
25.443,1786825750600
25.443,1786825750483
25.443,1786825750361
25.443,1786825750249
25.443,1786825750135
25.443,1786825750025
25.443,1786825749909
25.488,1786825749787
25.488,1786825749675
25.488,1786825749561
25.488,1786825749451
25.488,1786825749333
25.488,1786825749211
25.488,1786825749099
25.488,1786825748987
25.488,1786825748875
25.488,1786825748758
25.533,1786825748636
25.533,1786825748524
25.533,1786825748412
25.533,1786825748300
25.533,1786825748183
25.533,1786825748061
25.533,1786825747949
25.533,1786825747837
25.533,1786825747609
25.497,1786825747487
25.497,1786825747375
25.497,1786825747263
25.497,1786825747035
25.497,1786825746913
25.497,1786825746801
25.497,1786825746689
25.497,1786825746460
25.488,1786825746338
25.488,1786825746114
25.488,1786825746002
25.488,1786825745885
25.488,1786825745651
25.488,1786825745539
25.488,1786825745310
25.515,1786825745198
25.515,1786825745076
25.515,1786825744964
25.515,1786825744736
25.515,1786825744502
25.515,1786825744390
25.515,1786825744278
25.515,1786825744161
25.515,1786825744046
25.416,1786825743924
25.416,1786825743814
25.416,1786825743702
25.416,1786825743585
25.416,1786825743471
25.416,1786825743349
25.416,1786825743237
25.416,1786825743125
25.416,1786825743013
25.416,1786825742901
25.506,1786825742779
25.506,1786825742667
25.506,1786825742555
25.506,1786825742438
25.506,1786825742326
25.506,1786825742092
25.506,1786825741977
25.506,1786825741753
25.47,1786825741631
25.47,1786825741519
25.47,1786825741407
25.47,1786825741177
25.47,1786825740943
25.47,1786825740826
25.47,1786825740602
25.533,1786825740368
25.533,1786825740251
25.533,1786825740027
25.533,1786825739915
25.533,1786825739793
25.533,1786825739681
25.533,1786825739569
25.533,1786825739345
25.497,1786825739223
25.497,1786825739111
25.497,1786825738994
25.497,1786825738882
25.497,1786825738769
25.497,1786825738530
25.497,1786825738418
25.497,1786825738306
25.497,1786825738194
25.488,1786825738070
25.488,1786825737952
25.488,1786825737842
25.488,1786825737728
25.488,1786825737618
25.488,1786825737496
25.488,1786825737267
25.488,1786825737155
25.488,1786825737043
25.47,1786825736921
25.47,1786825736691
25.47,1786825736579
25.47,1786825736467
25.47,1786825736345
25.47,1786825736116
25.47,1786825736004
25.488,1786825735770
25.488,1786825735653
25.488,1786825735541
25.488,1786825735429
25.488,1786825735195
25.488,1786825734966
25.488,1786825734854
25.452,1786825734628
25.452,1786825734389
25.452,1786825734277
25.452,1786825734165
25.452,1786825734053
25.452,1786825733926
25.452,1786825733814
25.452,1786825733702
25.452,1786825733590
25.452,1786825733477
25.488,1786825733350
25.488,1786825733238
25.488,1786825733126
25.488,1786825733014
25.488,1786825732902
25.488,1786825732777
25.488,1786825732665
25.488,1786825732329
25.65,1786825732203
25.65,1786825732090
25.65,1786825731978
25.65,1786825731866
25.65,1786825731627
25.65,1786825731515
25.65,1786825731403
25.65,1786825731291
25.65,1786825731179
25.712,1786825731052
25.712,1786825730940
25.712,1786825730828
25.712,1786825730604
25.712,1786825730483
25.712,1786825730365
25.712,1786825730253
25.712,1786825730029
25.721,1786825729907
25.721,1786825729790
25.721,1786825729566
25.721,1786825729454
25.721,1786825729343
25.721,1786825729216
25.721,1786825729104
25.721,1786825728992
25.721,1786825728768
25.632,1786825728646
25.632,1786825728534
25.632,1786825728423
25.632,1786825728309
25.632,1786825728072
25.632,1786825727848
25.632,1786825727736
25.632,1786825727619
25.668,1786825727497
25.668,1786825727273
25.668,1786825727161
25.668,1786825726922
25.668,1786825726698
25.668,1786825726586
25.668,1786825726474
25.668,1786825726352
25.668,1786825726240
25.668,1786825726128
25.668,1786825726015
25.668,1786825725903
25.668,1786825725776
25.668,1786825725553
25.668,1786825725440
25.668,1786825725323
25.703,1786825725201
25.703,1786825725089
25.703,1786825724977
25.703,1786825724866
25.703,1786825724748
25.703,1786825724626
25.703,1786825724402
25.703,1786825724290
25.703,1786825724172
25.784,1786825724060
25.784,1786825723938
25.784,1786825723826
25.784,1786825723714
25.784,1786825723596
25.784,1786825723484
25.784,1786825723360
25.784,1786825723248
25.784,1786825723136
25.784,1786825723021
25.784,1786825722910
25.73,1786825722788
25.73,1786825722676
25.73,1786825722564
25.73,1786825722447
25.73,1786825722335
25.73,1786825722213
25.73,1786825722102
25.73,1786825721990
25.73,1786825721875
25.73,1786825721763
25.686,1786825721642
25.686,1786825721530
25.686,1786825721418
25.686,1786825721302
25.686,1786825721190
25.686,1786825721068
25.686,1786825720956
25.686,1786825720844
25.686,1786825720617
25.47,1786825720495
25.47,1786825720271
25.47,1786825720156
25.47,1786825720044
25.47,1786825719923
25.47,1786825719699
25.47,1786825719582
25.479,1786825719348
25.479,1786825719124
25.479,1786825719007
25.479,1786825718783
25.479,1786825718549
25.479,1786825718432
25.479,1786825718208
25.479,1786825718084
25.479,1786825717975
25.479,1786825717858
25.479,1786825717746
25.479,1786825717633
25.479,1786825717510
25.479,1786825717401
25.479,1786825717284
25.479,1786825717171
25.479,1786825717059
25.416,1786825716935
25.416,1786825716828
25.416,1786825716710
25.416,1786825716598
25.416,1786825716486
25.416,1786825716362
25.416,1786825716135
25.416,1786825715910
25.434,1786825715786
25.434,1786825715675
25.434,1786825715559
25.434,1786825715447
25.434,1786825715334
25.434,1786825715210
25.434,1786825715100
25.434,1786825714984
25.434,1786825714871
25.434,1786825714759
25.479,1786825714637
25.479,1786825714520
25.479,1786825714408
25.479,1786825714296
25.479,1786825714184
25.479,1786825713947
25.479,1786825713835
25.479,1786825713723
25.479,1786825713611
25.551,1786825713262
25.551,1786825713151
25.551,1786825712927
25.551,1786825712804
25.551,1786825712692
25.551,1786825712581
25.551,1786825712469
25.551,1786825712357
25.488,1786825712233
25.488,1786825712121
25.488,1786825711897
25.488,1786825711785
25.488,1786825711660
25.488,1786825711547
25.488,1786825711322
25.488,1786825711211
25.479,1786825711085
25.479,1786825710972
25.479,1786825710862
25.479,1786825710750
25.479,1786825710638
25.479,1786825710398
25.479,1786825710285
25.479,1786825710173
25.479,1786825710061
25.515,1786825709934
25.515,1786825709822
25.515,1786825709597
25.515,1786825709485
25.515,1786825709248
25.515,1786825708910
25.515,1786825708800
25.515,1786825708673
25.515,1786825708561
25.515,1786825708449
25.515,1786825708337
25.515,1786825708225
25.515,1786825708103
25.515,1786825707991
25.515,1786825707879
25.515,1786825707767
25.515,1786825707654
25.533,1786825707416
25.533,1786825707304
25.533,1786825707192
25.533,1786825706956
25.533,1786825706733
25.533,1786825706621
25.47,1786825706387
25.47,1786825706275
25.47,1786825706163
25.47,1786825706051
25.47,1786825705934
25.47,1786825705812
25.47,1786825705701
25.47,1786825705589
25.47,1786825705477
25.47,1786825705360
25.497,1786825705237
25.497,1786825705125
25.497,1786825704901
25.497,1786825704787
25.497,1786825704661
25.497,1786825704549
25.497,1786825704324
25.497,1786825704215
25.497,1786825704089
25.497,1786825703977
25.497,1786825703865
25.497,1786825703753
25.497,1786825703641
25.497,1786825703525
25.497,1786825703177
25.497,1786825703067
25.497,1786825702951
25.515,1786825702828
25.515,1786825702715
25.515,1786825702602
25.515,1786825702491
25.515,1786825702374
25.515,1786825702254
25.515,1786825702142
25.515,1786825702028
25.515,1786825701920
25.479,1786825701678
25.479,1786825701568
25.479,1786825701344
25.479,1786825701228
25.479,1786825701106
25.479,1786825700994
25.479,1786825700882
25.479,1786825700770
25.479,1786825700654
25.497,1786825700532
25.497,1786825700420
25.497,1786825700306
25.497,1786825700196
25.497,1786825700080
25.497,1786825699958
25.497,1786825699846
25.497,1786825699732
25.497,1786825699622
25.497,1786825699506
25.479,1786825699384
25.479,1786825699272
25.479,1786825699158
25.479,1786825698932
25.479,1786825698810
25.479,1786825698698
25.479,1786825698586
25.479,1786825698474
25.479,1786825698358
25.452,1786825698246
25.452,1786825698124
25.452,1786825698012
25.452,1786825697900
25.452,1786825697784
25.452,1786825697550
25.452,1786825697438
25.452,1786825697327
25.452,1786825697209
25.452,1786825697096
25.506,1786825696973
25.506,1786825696861
25.506,1786825696749
25.506,1786825696633
25.506,1786825696521
25.506,1786825696399
25.506,1786825696284
25.506,1786825696174
25.506,1786825695946
25.497,1786825695823
25.497,1786825695709
25.497,1786825695599
25.497,1786825695483
25.497,1786825695370
25.497,1786825695134
25.497,1786825695024
25.497,1786825694907
25.497,1786825694795
25.479,1786825694561
25.479,1786825694447
25.479,1786825694331
25.479,1786825694219
25.479,1786825693986
25.479,1786825693874
25.479,1786825693759
25.479,1786825693647
25.533,1786825693525
25.533,1786825693413
25.533,1786825693302
25.533,1786825693075
25.533,1786825692963
25.533,1786825692841
25.533,1786825692730
25.533,1786825692616
25.533,1786825692505
25.533,1786825692393
25.506,1786825692269
25.506,1786825692159
25.506,1786825692043
25.506,1786825691819
25.506,1786825691695
25.506,1786825691585
25.506,1786825691469
25.506,1786825691357
25.506,1786825691245
25.497,1786825691010
25.497,1786825690894
25.497,1786825690782
25.497,1786825690670
25.497,1786825690546
25.497,1786825690440
25.497,1786825690323
25.497,1786825690211
25.497,1786825689974
25.497,1786825689864
25.497,1786825689748
25.497,1786825689636
25.497,1786825689524
25.497,1786825689400
25.497,1786825689290
25.497,1786825689173
25.497,1786825689061
25.497,1786825688949
25.515,1786825688825
25.515,1786825688717
25.515,1786825688488
25.515,1786825688376
25.515,1786825688145
25.515,1786825688028
25.515,1786825687916
25.515,1786825687804
25.497,1786825687690
25.497,1786825687573
25.497,1786825687456
25.497,1786825687344
25.497,1786825687232
25.497,1786825687118
25.497,1786825687002
25.497,1786825686885
25.497,1786825686773
25.497,1786825686547
25.452,1786825686431
25.452,1786825686314
25.452,1786825686202
25.452,1786825686090
25.452,1786825685975
25.452,1786825685742
25.452,1786825685630
25.452,1786825685519
25.452,1786825685405
25.488,1786825685291
25.488,1786825685174
25.488,1786825685062
25.488,1786825684950
25.488,1786825684604
25.488,1786825684492
25.488,1786825684380
25.488,1786825684267
25.515,1786825684147
25.515,1786825684031
25.515,1786825683919
25.515,1786825683808
25.515,1786825683693
25.515,1786825683572
25.515,1786825683456
25.515,1786825683344
25.515,1786825683233
25.515,1786825683120
25.578,1786825683009
25.578,1786825682883
25.578,1786825682771
25.578,1786825682659
25.578,1786825682547
25.578,1786825682437
25.578,1786825682311
25.578,1786825682199
25.578,1786825681972
25.578,1786825681862
25.497,1786825681735
25.497,1786825681623
25.497,1786825681398
25.497,1786825681286
25.497,1786825681159
25.497,1786825681047
25.497,1786825680822
25.497,1786825680706
25.515,1786825680584
25.515,1786825680472
25.515,1786825680248
25.515,1786825680136
25.515,1786825680009
25.515,1786825679897
25.515,1786825679672
25.515,1786825679560
25.614,1786825679438
25.614,1786825679326
25.614,1786825679212
25.614,1786825679099
25.614,1786825678993
25.614,1786825678868
25.614,1786825678756
25.614,1786825678644
25.614,1786825678530
25.748,1786825678296
25.748,1786825678182
25.748,1786825678072
25.748,1786825677957
25.748,1786825677853
25.748,1786825677734
25.748,1786825677614
25.748,1786825677499
25.748,1786825677387
25.748,1786825677277
25.748,1786825677161
25.703,1786825677038
25.703,1786825676812
25.703,1786825676706
25.703,1786825676588
25.703,1786825676466
25.703,1786825676354
25.703,1786825676240
25.703,1786825676130
25.703,1786825676013
25.757,1786825675890
25.757,1786825675778
25.757,1786825675666
25.757,1786825675553
25.757,1786825675441
25.757,1786825675319
25.757,1786825675207
25.757,1786825675094
25.757,1786825674984
25.802,1786825674745
25.802,1786825674633
25.802,1786825674520
25.802,1786825674411
25.802,1786825674294
25.802,1786825674173
25.802,1786825674061
25.802,1786825673948
25.802,1786825673836
25.802,1786825673724
25.73,1786825673602
25.73,1786825673490
25.73,1786825673379
25.73,1786825673270
25.73,1786825673153
25.73,1786825673029
25.73,1786825672917
25.73,1786825672805
25.73,1786825672693
25.73,1786825672576
25.551,1786825672464
25.551,1786825672342
25.551,1786825672230
25.551,1786825672119
25.551,1786825672004
25.551,1786825671892
25.551,1786825671770
25.551,1786825671657
25.551,1786825671548
25.551,1786825671431
25.551,1786825671318
25.497,1786825671196
25.497,1786825671083
25.497,1786825670972
25.497,1786825670856
25.497,1786825670745
25.497,1786825670623
25.497,1786825670510
25.497,1786825670399
25.497,1786825670283
25.497,1786825670171
25.524,1786825669936
25.524,1786825669825
25.524,1786825669597
25.524,1786825669475
25.524,1786825669251
25.524,1786825669135
25.524,1786825669023
25.533,1786825668901
25.533,1786825668788
25.533,1786825668677
25.533,1786825668561
25.533,1786825668449
25.533,1786825668327
25.533,1786825668215
25.533,1786825667987
25.533,1786825667752
25.533,1786825667530
25.533,1786825667413
25.533,1786825667302
25.533,1786825667189
25.533,1786825666839
25.533,1786825666727
25.533,1786825666615
25.506,1786825666493
25.506,1786825666383
25.506,1786825666266
25.506,1786825666154
25.506,1786825666042
25.506,1786825665920
25.506,1786825665811
25.506,1786825665694
25.506,1786825665582
25.506,1786825665470
25.497,1786825665348
25.497,1786825665239
25.497,1786825665010
25.497,1786825664898
25.497,1786825664776
25.497,1786825664664
25.497,1786825664552
25.497,1786825664440
25.497,1786825664328
25.533,1786825664097
25.533,1786825663980
25.533,1786825663868
25.533,1786825663756
25.533,1786825663632
25.533,1786825663522
25.533,1786825663404
25.533,1786825663292
25.533,1786825663181
25.578,1786825663059
25.578,1786825662950
25.578,1786825662721
25.578,1786825662609
25.578,1786825662484
25.578,1786825662374
25.578,1786825662258
25.578,1786825662146
25.578,1786825662034
25.748,1786825661920
25.748,1786825661800
25.748,1786825661684
25.748,1786825661572
25.748,1786825661459
25.748,1786825661225
25.748,1786825661109
25.748,1786825660997
25.748,1786825660885
25.748,1786825660773
25.748,1786825660652
25.748,1786825660536
25.748,1786825660312
25.748,1786825660198
25.748,1786825660079
25.748,1786825659963
25.748,1786825659739
25.748,1786825659627
25.757,1786825659505
25.757,1786825659388
25.757,1786825659164
25.757,1786825659052
25.757,1786825658930
25.757,1786825658813
25.757,1786825658589
25.757,1786825658477
25.82,1786825658350
25.82,1786825658238
25.82,1786825658126
25.82,1786825658014
25.82,1786825657902
25.82,1786825657775
25.82,1786825657664
25.82,1786825657440
25.82,1786825657328
25.784,1786825657201
25.784,1786825657089
25.784,1786825656977
25.784,1786825656865
25.784,1786825656753
25.784,1786825656641
25.784,1786825656514
25.784,1786825656289
25.784,1786825656177
25.784,1786825656065
25.712,1786825655938
25.712,1786825655826
25.712,1786825655713
25.712,1786825655601
25.712,1786825655362
25.712,1786825655250
25.712,1786825655138
25.712,1786825654914
25.703,1786825654787
25.703,1786825654675
25.703,1786825654563
25.703,1786825654451
25.703,1786825654333
25.703,1786825654099
25.703,1786825653987
25.703,1786825653875
25.703,1786825653758
25.748,1786825653636
25.748,1786825653523
25.748,1786825653410
25.748,1786825653302
25.748,1786825653063
25.748,1786825652952
25.748,1786825652840
25.748,1786825652729
25.748,1786825652617
25.757,1786825652495
25.757,1786825652383
25.757,1786825652268
25.757,1786825652160
25.757,1786825652043
25.757,1786825651808
25.757,1786825651694
25.757,1786825651584
25.757,1786825651468
25.82,1786825651355
25.82,1786825651233
25.82,1786825651121
25.82,1786825650896
25.82,1786825650784
25.82,1786825650662
25.82,1786825650549
25.82,1786825650438
25.82,1786825650321
25.82,1786825650209
25.757,1786825650087
25.757,1786825649865
25.757,1786825649748
25.757,1786825649635
25.757,1786825649401
25.757,1786825649291
25.757,1786825649174
25.757,1786825649063
25.784,1786825648942
25.784,1786825648829
25.784,1786825648720
25.784,1786825648604
25.784,1786825648492
25.784,1786825648370
25.784,1786825648257
25.784,1786825648148
25.784,1786825648032
25.784,1786825647920
25.757,1786825647798
25.757,1786825647684
25.757,1786825647575
25.757,1786825647459
25.757,1786825647225
25.757,1786825647111
25.757,1786825647002
25.757,1786825646885
25.766,1786825646651
25.766,1786825646539
25.766,1786825646427
25.766,1786825646310
25.766,1786825646198
25.766,1786825646086
25.766,1786825645964
25.766,1786825645852
25.766,1786825645735
25.766,1786825645623
25.766,1786825645511
25.757,1786825645387
25.757,1786825645278
25.757,1786825645161
25.757,1786825645049
25.757,1786825644937
25.757,1786825644704
25.757,1786825644587
25.757,1786825644475
25.757,1786825644363
25.856,1786825644239
25.856,1786825644131
25.856,1786825644014
25.856,1786825643902
25.856,1786825643556
25.856,1786825643440
25.856,1786825643327
25.856,1786825643215
25.766,1786825643091
25.766,1786825642980
25.766,1786825642864
25.766,1786825642752
25.766,1786825642640
25.766,1786825642515
25.766,1786825642405
25.766,1786825642289
25.766,1786825642177
25.766,1786825642065
25.739,1786825641941
25.739,1786825641833
25.739,1786825641716
25.739,1786825641604
25.739,1786825641492
25.739,1786825641368
25.739,1786825641258
25.739,1786825641142
25.739,1786825641030
25.739,1786825640917
25.784,1786825640803
25.784,1786825640685
25.784,1786825640568
25.784,1786825640456
25.784,1786825640344
25.784,1786825640230
25.784,1786825640112
25.784,1786825639995
25.784,1786825639882
25.784,1786825639770
25.784,1786825639658
25.73,1786825639536
25.73,1786825639419
25.73,1786825639307
25.73,1786825639195
25.73,1786825639083
25.73,1786825638961
25.73,1786825638844
25.73,1786825638732
25.73,1786825638620
25.775,1786825638386
25.775,1786825638270
25.775,1786825638158
25.775,1786825638046
25.775,1786825637812
25.775,1786825637583
25.775,1786825637471
25.775,1786825637359
25.82,1786825637237
25.82,1786825637007
25.82,1786825636895
25.82,1786825636781
25.82,1786825636661
25.82,1786825636433
25.82,1786825636321
25.82,1786825636207
25.775,1786825636097
25.775,1786825635971
25.775,1786825635859
25.775,1786825635747
25.775,1786825635636
25.775,1786825635522
25.775,1786825635284
25.775,1786825635172
25.775,1786825635061
25.775,1786825634949
25.757,1786825634711
25.757,1786825634600
25.757,1786825634488
25.757,1786825634376
25.757,1786825634138
25.757,1786825634024
25.757,1786825633914
25.757,1786825633739
25.766,1786825633617
25.766,1786825633505
25.766,1786825633393
25.766,1786825633281
25.766,1786825633164
25.766,1786825633042
25.766,1786825632930
25.766,1786825632818
25.766,1786825632659
25.766,1786825632547
25.703,1786825632383
25.703,1786825632273
25.703,1786825632120
25.703,1786825631962
25.703,1786825631850
25.703,1786825631728
25.703,1786825631616
25.703,1786825631499
25.703,1786825631387
25.703,1786825631274
25.784,1786825631162
25.784,1786825631040
25.784,1786825630924
25.784,1786825630812
25.784,1786825630700
25.784,1786825630585
25.784,1786825630468
25.784,1786825630351
25.784,1786825630238
25.784,1786825630126
25.784,1786825630012
25.757,1786825629895
25.757,1786825629665
25.757,1786825629553
25.757,1786825629441
25.757,1786825629319
25.757,1786825629203
25.757,1786825629091
25.757,1786825628979
25.757,1786825628867
25.766,1786825628745
25.766,1786825628628
25.766,1786825628516
25.766,1786825628405
25.766,1786825628293
25.766,1786825628172
25.766,1786825628055
25.766,1786825627943
25.766,1786825627832
25.766,1786825627720
25.82,1786825627599
25.82,1786825627482
25.82,1786825627370
25.82,1786825627258
25.82,1786825627146
25.82,1786825627019
25.82,1786825626907
25.82,1786825626795
25.82,1786825626683
25.82,1786825626571
25.793,1786825626449
25.793,1786825626332
25.793,1786825626220
25.793,1786825626108
25.793,1786825625996
25.793,1786825625757
25.793,1786825625645
25.793,1786825625533
25.793,1786825625421
25.838,1786825625183
25.838,1786825625071
25.838,1786825624959
25.838,1786825624847
25.838,1786825624728
25.838,1786825624606
25.838,1786825624494
25.838,1786825624382
25.838,1786825624270
25.838,1786825624156
25.856,1786825624034
25.856,1786825623922
25.856,1786825623811
25.856,1786825623699
25.856,1786825623582
25.856,1786825623460
25.856,1786825623348
25.856,1786825623236
25.856,1786825623124
25.856,1786825623007
25.82,1786825622772
25.82,1786825622660
25.82,1786825622548
25.82,1786825622432
25.82,1786825622311
25.82,1786825622198
25.82,1786825622086
25.82,1786825621974
25.82,1786825621858
25.775,1786825621624
25.775,1786825621512
25.775,1786825621400
25.775,1786825621288
25.775,1786825621151
25.775,1786825621025
25.775,1786825620743
25.775,1786825620604
25.847,1786825620496
25.847,1786825620359
25.847,1786825620251
25.847,1786825620090
25.847,1786825619950
25.847,1786825619824
25.847,1786825619687
25.847,1786825619570
25.847,1786825619420
25.847,1786825619279
25.847,1786825619138
25.847,1786825618886
25.847,1786825618760
25.847,1786825618625
25.847,1786825618329
25.847,1786825618203
25.847,1786825618094
25.847,1786825617794
25.829,1786825617659
25.829,1786825617538
25.829,1786825617410
25.829,1786825617294
25.829,1786825617154
25.829,1786825617007
25.829,1786825616895
25.829,1786825616769
25.829,1786825616657
25.829,1786825616515
25.838,1786825616351
25.838,1786825616214
25.838,1786825616097
25.838,1786825615844
25.838,1786825615707
25.838,1786825615534
25.838,1786825615408
25.838,1786825615282
25.838,1786825615170
25.829,1786825615023
25.829,1786825614733
25.829,1786825614607
25.829,1786825614495
25.829,1786825614364
25.829,1786825614058
25.829,1786825613932
25.829,1786825613800
25.829,1786825613688
25.847,1786825613543
25.847,1786825613257
25.847,1786825613130
25.847,1786825613018
25.847,1786825612723
25.847,1786825612597
25.847,1786825612471
25.847,1786825612344
25.856,1786825612201
25.856,1786825612063
25.856,1786825611910
25.856,1786825611784
25.856,1786825611672
25.856,1786825611545
25.856,1786825611408
25.856,1786825611255
25.856,1786825611114
25.856,1786825611002
25.847,1786825610866
25.847,1786825610743
25.847,1786825610603
25.847,1786825610459
25.847,1786825610321
25.847,1786825610199
25.847,1786825610087
25.847,1786825609932
25.847,1786825609793
25.847,1786825609653
25.856,1786825609541
25.856,1786825609399
25.856,1786825609273
25.856,1786825609133
25.856,1786825608977
25.856,1786825608869
25.856,1786825608726
25.856,1786825608614
25.856,1786825608477
25.856,1786825608319
25.856,1786825608174
25.892,1786825608038
25.892,1786825607925
25.892,1786825607802
25.892,1786825607639
25.892,1786825607497
25.892,1786825607361
25.892,1786825607235
25.892,1786825607120
25.892,1786825606964
25.892,1786825606824
25.838,1786825606674
25.838,1786825606558
25.838,1786825606446
25.838,1786825606306
25.838,1786825606153
25.838,1786825606003
25.838,1786825605887
25.838,1786825605634
25.838,1786825605481
25.775,1786825605328
25.775,1786825605201
25.775,1786825605074
25.775,1786825604963
25.775,1786825604658
25.775,1786825604532
25.775,1786825604406
25.775,1786825604277
25.856,1786825604041
25.856,1786825603906
25.856,1786825603768
25.856,1786825603611
25.856,1786825603499
25.856,1786825603387
25.856,1786825603265
25.856,1786825603121
25.856,1786825602967
25.856,1786825602827
25.856,1786825602715
25.811,1786825602574
25.811,1786825602451
25.811,1786825602312
25.811,1786825602160
25.811,1786825602033
25.811,1786825601907
25.811,1786825601795
25.811,1786825601658
25.811,1786825601503
25.811,1786825601358
25.874,1786825601224
25.874,1786825601112
25.874,1786825600986
25.874,1786825600830
25.874,1786825600688
25.874,1786825600553
25.874,1786825600427
25.874,1786825600315
25.874,1786825600169
25.874,1786825600012
25.847,1786825599876
25.847,1786825599753
25.847,1786825599621
25.847,1786825599495
25.847,1786825599354
25.847,1786825599190
25.847,1786825599074
25.847,1786825598947
25.847,1786825598835
25.847,1786825598697
25.865,1786825598385
25.865,1786825598273
25.865,1786825598161
25.865,1786825598023
25.865,1786825597862
25.865,1786825597711
25.865,1786825597600
25.865,1786825597474
25.865,1786825597344
25.865,1786825597204
25.856,1786825597040
25.856,1786825596915
25.856,1786825596798
25.856,1786825596686
25.856,1786825596534
25.856,1786825596385
25.856,1786825596239
25.856,1786825596127
25.856,1786825596001
25.856,1786825595875
25.847,1786825595709
25.847,1786825595570
25.847,1786825595462
25.847,1786825595335
25.847,1786825595226
25.847,1786825595060
25.847,1786825594919
25.847,1786825594793
25.847,1786825594669
25.847,1786825594536
25.829,1786825594403
25.829,1786825594248
25.829,1786825594108
25.829,1786825593976
25.829,1786825593864
25.829,1786825593756
25.829,1786825593590
25.829,1786825593435
25.829,1786825593308
25.829,1786825593182
25.847,1786825593070
25.847,1786825592937
25.847,1786825592779
25.847,1786825592641
25.847,1786825592402
25.847,1786825592264
25.847,1786825592126
25.847,1786825591973
25.847,1786825591847
25.82,1786825591595
25.82,1786825591472
25.82,1786825591316
25.82,1786825591175
25.82,1786825591067
25.82,1786825590930
25.82,1786825590822
25.82,1786825590668
25.82,1786825590522
25.82,1786825590381
25.847,1786825590259
25.847,1786825590147
25.847,1786825590003
25.847,1786825589846
25.847,1786825589706
25.847,1786825589585
25.847,1786825589454
25.847,1786825589191
25.847,1786825589037
25.847,1786825588899
25.847,1786825588787
25.847,1786825588535
25.847,1786825588383
25.847,1786825588241
25.847,1786825588114
25.847,1786825587989
25.847,1786825587866
25.847,1786825587719
25.856,1786825587569
25.856,1786825587451
25.856,1786825587324
25.856,1786825587212
25.856,1786825587066
25.856,1786825586792
25.856,1786825586665
25.856,1786825586537
25.856,1786825586424
25.856,1786825586271
25.847,1786825586122
25.847,1786825585992
25.847,1786825585867
25.847,1786825585755
25.847,1786825585614
25.847,1786825585446
25.847,1786825585305
25.847,1786825585193
25.847,1786825585067
25.847,1786825584938
25.847,1786825584636
25.847,1786825584509
25.847,1786825584281
25.847,1786825584116
25.847,1786825583976
25.847,1786825583835
25.847,1786825583723
25.847,1786825583596
25.856,1786825583460
25.856,1786825583321
25.856,1786825583176
25.856,1786825582940
25.856,1786825582818
25.856,1786825582678
25.856,1786825582391
25.856,1786825582265
25.838,1786825582155
25.838,1786825582017
25.838,1786825581861
25.838,1786825581707
25.838,1786825581599
25.838,1786825581468
25.838,1786825581346
25.838,1786825581196
25.838,1786825580913
25.838,1786825580801
25.847,1786825580540
25.847,1786825580243
25.847,1786825580120
25.847,1786825580000
25.847,1786825579888
25.847,1786825579731
25.847,1786825579591
25.847,1786825579451
25.847,1786825579319
25.847,1786825579076
25.847,1786825578790
25.847,1786825578649
25.847,1786825578525
25.847,1786825578413
25.847,1786825578273
25.847,1786825578116
25.865,1786825577968
25.865,1786825577856
25.865,1786825577734
25.865,1786825577626
25.865,1786825577465
25.865,1786825577302
25.865,1786825577176
25.865,1786825577064
25.865,1786825576947
25.865,1786825576812
25.847,1786825576655
25.847,1786825576503
25.847,1786825576375
25.847,1786825576263
25.847,1786825576137
25.847,1786825575980
25.847,1786825575828
25.847,1786825575701
25.847,1786825575574
25.847,1786825575462
25.847,1786825575324
25.811,1786825575154
25.811,1786825574902
25.811,1786825574790
25.811,1786825574645
25.811,1786825574484
25.811,1786825574342
25.811,1786825574230
25.811,1786825574099
25.811,1786825573987
25.856,1786825573822
25.856,1786825573667
25.856,1786825573556
25.856,1786825573423
25.856,1786825573297
25.856,1786825573161
25.856,1786825573053
25.856,1786825572912
25.856,1786825572776
25.856,1786825572635
25.829,1786825572502
25.829,1786825572376
25.829,1786825572268
25.829,1786825572114
25.829,1786825571961
25.829,1786825571822
25.829,1786825571710
25.829,1786825571598
25.829,1786825571448
25.829,1786825571309
25.847,1786825571166
25.847,1786825571047
25.847,1786825570920
25.847,1786825570798
25.847,1786825570652
25.847,1786825570497
25.847,1786825570361
25.847,1786825570249
25.847,1786825570126
25.847,1786825569981
25.847,1786825569846
25.856,1786825569694
25.856,1786825569568
25.856,1786825569437
25.856,1786825569328
25.856,1786825569173
25.856,1786825569023
25.856,1786825568769
25.856,1786825568657
25.856,1786825568517
25.847,1786825568346
25.847,1786825568207
25.847,1786825568095
25.847,1786825567969
25.847,1786825567846
25.847,1786825567676
25.847,1786825567535
25.847,1786825567284
25.847,1786825567169
25.838,1786825566736
25.838,1786825566604
25.838,1786825566492
25.838,1786825566341
25.838,1786825566201
25.838,1786825566055
25.838,1786825565943
25.838,1786825565817
25.829,1786825565692
25.829,1786825565545
25.829,1786825565389
25.829,1786825565262
25.829,1786825565138
25.829,1786825565029
25.829,1786825564872
25.829,1786825564720
25.829,1786825564596
25.829,1786825564468
25.829,1786825564352
25.838,1786825564207
25.838,1786825564066
25.838,1786825563931
25.838,1786825563799
25.838,1786825563672
25.838,1786825563411
25.838,1786825563260
25.838,1786825563130
25.829,1786825562882
25.829,1786825562760
25.829,1786825562599
25.829,1786825562458
25.829,1786825562332
25.829,1786825562196
25.829,1786825562079
25.829,1786825561942
25.829,1786825561788
25.829,1786825561662
25.811,1786825561522
25.811,1786825561414
25.811,1786825561274
25.811,1786825561141
25.811,1786825560985
25.811,1786825560858
25.811,1786825560732
25.811,1786825560609
25.811,1786825560466
25.874,1786825560059
25.874,1786825559932
25.874,1786825559785
25.874,1786825559648
25.874,1786825559506
25.874,1786825559370
25.874,1786825559256
25.874,1786825559129
25.874,1786825558973
25.874,1786825558833
25.847,1786825558570
25.847,1786825558458
25.847,1786825558317
25.847,1786825558163
25.847,1786825558021
25.847,1786825557895
25.847,1786825557787
25.847,1786825557646
25.847,1786825557504
25.865,1786825557339
25.865,1786825557227
25.865,1786825557102
25.865,1786825556990
25.865,1786825556831
25.865,1786825556682
25.865,1786825556556
25.865,1786825556435
25.865,1786825556318
25.865,1786825556179
25.847,1786825556020
25.847,1786825555894
25.847,1786825555765
25.847,1786825555653
25.847,1786825555527
25.847,1786825555368
25.847,1786825555224
25.847,1786825554973
25.847,1786825554861
25.811,1786825554728
25.811,1786825554558
25.811,1786825554306
25.811,1786825554180
25.811,1786825554049
25.811,1786825553744
25.811,1786825553618
25.811,1786825553501
25.811,1786825553389
25.838,1786825553223
25.838,1786825553083
25.838,1786825552936
25.838,1786825552809
25.838,1786825552696
25.838,1786825552547
25.838,1786825552264
25.838,1786825552137
25.838,1786825552010
25.775,1786825551891
25.775,1786825551732
25.775,1786825551593
25.775,1786825551341
25.775,1786825551214
25.775,1786825551073
25.775,1786825550923
25.775,1786825550782
25.775,1786825550670
25.865,1786825550536
25.865,1786825550272
25.865,1786825550132
25.865,1786825549990
25.865,1786825549868
25.865,1786825549742
25.865,1786825549620
25.865,1786825549459
25.865,1786825549320
25.829,1786825549193
25.829,1786825549071
25.829,1786825548941
25.829,1786825548801
25.829,1786825548647
25.829,1786825548521
25.829,1786825548380
25.829,1786825548268
25.829,1786825547991
25.829,1786825547851
25.775,1786825547598
25.775,1786825547472
25.775,1786825547336
25.775,1786825547177
25.775,1786825547041
25.775,1786825546916
25.775,1786825546806
25.775,1786825546659
25.775,1786825546505
25.847,1786825546369
25.847,1786825546243
25.847,1786825546128
25.847,1786825545852
25.847,1786825545705
25.847,1786825545583
25.847,1786825545451
25.847,1786825545340
25.847,1786825545204
25.811,1786825545039
25.811,1786825544896
25.811,1786825544784
25.811,1786825544531
25.811,1786825544363
25.811,1786825544225
25.811,1786825544117
25.811,1786825543990
25.811,1786825543878
25.874,1786825543735
25.874,1786825543568
25.874,1786825543324
25.874,1786825543191
25.874,1786825543065
25.874,1786825542901
25.874,1786825542762
25.874,1786825542633
25.874,1786825542521
25.874,1786825542396
25.892,1786825542263
25.892,1786825542008
25.892,1786825541854
25.892,1786825541728
25.892,1786825541592
25.892,1786825541475
25.892,1786825541335
25.892,1786825541196
25.892,1786825541058
25.829,1786825540919
25.829,1786825540793
25.829,1786825540681
25.829,1786825540531
25.829,1786825540390
25.829,1786825540122
25.829,1786825540010
25.829,1786825539875
25.829,1786825539715
25.775,1786825539569
25.775,1786825539456
25.775,1786825539330
25.775,1786825539203
25.775,1786825539061
25.775,1786825538928
25.775,1786825538775
25.775,1786825538644
25.775,1786825538532
25.775,1786825538410
25.847,1786825538256
25.847,1786825538100
25.847,1786825537973
25.847,1786825537861
25.847,1786825537736
25.847,1786825537596
25.847,1786825537302
25.847,1786825537191
25.847,1786825537064
25.847,1786825536917
25.838,1786825536773
25.838,1786825536631
25.838,1786825536519
25.838,1786825536392
25.838,1786825536260
25.838,1786825535959
25.838,1786825535834
25.838,1786825535718
25.838,1786825535593
25.811,1786825535445
25.811,1786825535294
25.811,1786825535035
25.811,1786825534923
25.811,1786825534772
25.811,1786825534628
25.811,1786825534488
25.811,1786825534362
25.811,1786825534236
25.829,1786825534114
25.829,1786825533957
25.829,1786825533819
25.829,1786825533693
25.829,1786825533568
25.829,1786825533443
25.829,1786825533302
25.829,1786825533151
25.829,1786825533011
25.829,1786825532894
25.811,1786825532768
25.811,1786825532635
25.811,1786825532494
25.811,1786825532351
25.811,1786825532211
25.811,1786825532099
25.811,1786825531841
25.811,1786825531687
25.811,1786825531545
25.811,1786825531419
25.838,1786825531297
25.838,1786825531165
25.838,1786825531025
25.838,1786825530871
25.838,1786825530745
25.838,1786825530605
25.838,1786825530357
25.838,1786825530218
25.838,1786825530080
25.793,1786825529940
25.793,1786825529828
25.793,1786825529703
25.793,1786825529564
25.793,1786825529411
25.793,1786825529275
25.793,1786825529163
25.793,1786825529037
25.793,1786825528913
25.793,1786825528750
25.811,1786825528598
25.811,1786825528472
25.811,1786825528360
25.811,1786825528219
25.811,1786825528077
25.811,1786825527928
25.811,1786825527801
25.811,1786825527672
25.811,1786825527560
25.811,1786825527423
25.847,1786825527266
25.847,1786825527116
25.847,1786825527004
25.847,1786825526770
25.847,1786825526618
25.847,1786825526461
25.847,1786825526335
25.847,1786825526208
25.847,1786825526100
25.847,1786825525955
25.811,1786825525792
25.811,1786825525541
25.811,1786825525427
25.811,1786825525287
25.811,1786825525140
25.811,1786825524999
25.811,1786825524871
25.811,1786825524759
25.811,1786825524636
25.847,1786825524472
25.847,1786825524328
25.847,1786825524202
25.847,1786825524078
25.847,1786825523966
25.847,1786825523817
25.847,1786825523529
25.847,1786825523403
25.847,1786825523291
25.901,1786825523144
25.901,1786825522863
25.901,1786825522737
25.901,1786825522621
25.901,1786825522486
25.901,1786825522335
25.901,1786825522199
25.901,1786825522072
25.901,1786825521942
25.847,1786825521833
25.847,1786825521682
25.847,1786825521543
25.847,1786825521397
25.847,1786825521271
25.847,1786825521159
25.847,1786825521022
25.847,1786825520864
25.847,1786825520723
25.847,1786825520597
25.847,1786825520485
25.928,1786825520367
25.928,1786825520221
25.928,1786825520082
25.928,1786825519941
25.928,1786825519832
25.928,1786825519691
25.928,1786825519573
25.928,1786825519431
25.928,1786825519275
25.928,1786825519146
25.856,1786825519024
25.856,1786825518912
25.856,1786825518756
25.856,1786825518617
25.856,1786825518474
25.856,1786825518352
25.856,1786825518226
25.856,1786825518101
25.856,1786825517944
25.838,1786825517670
25.838,1786825517429
25.838,1786825517291
25.838,1786825517137
25.838,1786825517001
25.838,1786825516877
25.838,1786825516760
25.838,1786825516620
25.838,1786825516509
25.874,1786825516376
25.874,1786825516233
25.874,1786825516109
25.874,1786825515997
25.874,1786825515858
25.874,1786825515701
25.874,1786825515549
25.874,1786825515437
25.874,1786825515311
25.874,1786825515185
25.874,1786825515045
25.847,1786825514882
25.847,1786825514758
25.847,1786825514650
25.847,1786825514533
25.847,1786825514380
25.847,1786825514232
25.847,1786825514092
25.847,1786825513980
25.847,1786825513853
25.847,1786825513731
25.829,1786825513317
25.829,1786825513078
25.829,1786825512933
25.829,1786825512773
25.829,1786825512647
25.829,1786825512524
25.829,1786825512397
25.865,1786825512260
25.865,1786825511970
25.865,1786825511605
25.865,1786825511478
25.865,1786825511366
25.865,1786825511229
25.865,1786825511067
25.865,1786825510927
25.865,1786825510805
25.865,1786825510680
25.865,1786825510567
25.865,1786825510410
25.865,1786825510269
25.865,1786825510133
25.865,1786825509893
25.865,1786825509753
25.865,1786825509601
25.82,1786825509455
25.82,1786825509324
25.82,1786825509212
25.82,1786825509087
25.82,1786825508940
25.82,1786825508784
25.82,1786825508657
25.82,1786825508530
25.82,1786825508418
25.82,1786825508272
25.856,1786825508109
25.856,1786825507983
25.856,1786825507857
25.856,1786825507741
25.856,1786825507615
25.856,1786825507458
25.856,1786825507317
25.856,1786825507191
25.856,1786825507075
25.856,1786825506963
25.847,1786825506800
25.847,1786825506660
25.847,1786825506516
25.847,1786825506404
25.847,1786825506278
25.847,1786825506142
25.847,1786825505843
25.847,1786825505717
25.847,1786825505605
25.892,1786825505473
25.892,1786825505325
25.892,1786825505168
25.892,1786825505042
25.892,1786825504799
25.892,1786825504651
25.892,1786825504509
25.892,1786825504368
25.892,1786825504252
25.892,1786825504126
25.838,1786825503989
25.838,1786825503850
25.838,1786825503694
25.838,1786825503568
25.838,1786825503456
25.838,1786825503334
25.838,1786825503180
25.838,1786825503038
25.838,1786825502912
25.838,1786825502786
25.811,1786825502663
25.811,1786825502519
25.811,1786825502384
25.811,1786825502229
25.811,1786825502117
25.811,1786825501980
25.811,1786825501867
25.811,1786825501716
25.811,1786825501431
25.847,1786825501298
25.847,1786825501186
25.847,1786825501063
25.847,1786825500910
25.847,1786825500628
25.847,1786825500516
25.847,1786825500408
25.847,1786825500250
25.847,1786825500110
25.865,1786825499983
25.865,1786825499861
25.865,1786825499604
25.865,1786825499467
25.865,1786825499312
25.865,1786825499176
25.865,1786825499060
25.865,1786825498948
25.865,1786825498796
25.865,1786825498656
25.856,1786825498504
25.856,1786825498392
25.856,1786825498266
25.856,1786825498140
25.856,1786825497996
25.856,1786825497830
25.856,1786825497718
25.856,1786825497591
25.856,1786825497479
25.856,1786825497336
25.829,1786825497172
25.829,1786825497046
25.829,1786825496922
25.829,1786825496809
25.829,1786825496502
25.829,1786825496362
25.829,1786825496247
25.829,1786825496013
25.775,1786825495846
25.775,1786825495685
25.775,1786825495562
25.775,1786825495450
25.775,1786825495176
25.775,1786825495029
25.775,1786825494892
25.775,1786825494779
25.775,1786825494652
25.829,1786825494525
25.829,1786825494359
25.829,1786825494220
25.829,1786825494094
25.829,1786825493978
25.829,1786825493869
25.829,1786825493705
25.829,1786825493420
25.829,1786825493293
25.829,1786825493181
25.811,1786825493051
25.811,1786825492897
25.811,1786825492751
25.811,1786825492624
25.811,1786825492499
25.811,1786825492377
25.811,1786825492221
25.811,1786825492080
25.811,1786825491954
25.811,1786825491830
25.847,1786825491707
25.847,1786825491566
25.847,1786825491429
25.847,1786825491167
25.847,1786825491040
25.847,1786825490914
25.847,1786825490774
25.847,1786825490619
25.847,1786825490487
25.811,1786825490351
25.811,1786825490243
25.811,1786825490102
25.811,1786825489957
25.811,1786825489815
25.811,1786825489679
25.811,1786825489567
25.811,1786825489443
25.811,1786825489281
25.811,1786825489125
25.847,1786825489013
25.847,1786825488876
25.847,1786825488760
25.847,1786825488602
25.847,1786825488462
25.847,1786825488325
25.847,1786825488183
25.847,1786825488071
25.847,1786825487934
25.847,1786825487793
25.847,1786825487648
25.874,1786825487530
25.874,1786825487403
25.874,1786825487291
25.874,1786825487128
25.874,1786825486991
25.874,1786825486841
25.874,1786825486729
25.874,1786825486617
25.874,1786825486470
25.874,1786825486320
25.874,1786825486169
25.874,1786825486061
25.874,1786825485929
25.874,1786825485665
25.874,1786825485503
25.874,1786825485371
25.874,1786825485260
25.874,1786825485132
25.874,1786825484996
25.829,1786825484839
25.829,1786825484700
25.829,1786825484462
25.829,1786825484336
25.829,1786825484182
25.829,1786825484031
25.829,1786825483905
25.829,1786825483793
25.829,1786825483676
25.847,1786825483546
25.847,1786825483380
25.847,1786825483242
25.847,1786825483125
25.847,1786825482998
25.847,1786825482872
25.847,1786825482723
25.847,1786825482563
25.847,1786825482436
25.847,1786825482324
25.847,1786825482212
25.856,1786825482047
25.856,1786825481901
25.856,1786825481760
25.856,1786825481652
25.856,1786825481525
25.856,1786825481387
25.856,1786825481246
25.856,1786825480978
25.856,1786825480847
25.892,1786825480729
25.892,1786825480602
25.892,1786825480490
25.892,1786825480353
25.892,1786825480192
25.892,1786825480044
25.892,1786825479932
25.892,1786825479823
25.892,1786825479676
25.892,1786825479536
25.811,1786825479371
25.811,1786825479245
25.811,1786825479128
25.811,1786825479016
25.811,1786825478877
25.811,1786825478713
25.811,1786825478591
25.811,1786825478475
25.811,1786825478363
25.811,1786825478223
25.838,1786825478069
25.838,1786825477914
25.838,1786825477802
25.838,1786825477675
25.838,1786825477549
25.838,1786825477414
25.838,1786825477120
25.838,1786825477007
25.838,1786825476884
25.838,1786825476739
25.838,1786825476593
25.838,1786825476451
25.838,1786825476327
25.838,1786825476210
25.838,1786825476084
25.838,1786825475920
25.838,1786825475766
25.838,1786825475524
25.838,1786825475412
25.856,1786825475249
25.856,1786825475104
25.856,1786825474963
25.856,1786825474851
25.856,1786825474725
25.856,1786825474589
25.856,1786825474446
25.856,1786825474294
25.856,1786825474168
25.856,1786825474056
25.847,1786825473932
25.847,1786825473781
25.847,1786825473641
25.847,1786825473503
25.847,1786825473373
25.847,1786825473251
25.847,1786825473124
25.847,1786825472968
25.847,1786825472810
25.847,1786825472703
25.829,1786825472576
25.829,1786825472314
25.829,1786825472157
25.829,1786825472031
25.829,1786825471905
25.829,1786825471783
25.829,1786825471637
25.829,1786825471498
25.829,1786825471343
25.838,1786825471090
25.838,1786825470978
25.838,1786825470822
25.838,1786825470536
25.838,1786825470416
25.838,1786825470165
25.838,1786825470015
25.838,1786825469870
25.829,1786825469751
25.829,1786825469623
25.829,1786825469511
25.829,1786825469359
25.829,1786825469218
25.829,1786825469081
25.829,1786825468843
25.829,1786825468699
25.829,1786825468545
25.847,1786825468396
25.847,1786825468284
25.847,1786825468152
25.847,1786825467895
25.847,1786825467744
25.847,1786825467614
25.847,1786825467488
25.847,1786825467376
25.847,1786825467253
25.811,1786825467094
25.811,1786825466948
25.811,1786825466821
25.811,1786825466710
25.811,1786825466584
25.811,1786825466442
25.811,1786825466276
25.811,1786825466151
25.811,1786825466028
25.811,1786825465915
25.874,1786825465613
25.874,1786825465371
25.874,1786825465245
25.874,1786825464974
25.874,1786825464813
25.874,1786825464688
25.874,1786825464576
25.874,1786825464449
25.829,1786825464301
25.829,1786825464154
25.829,1786825464012
25.829,1786825463902
25.829,1786825463775
25.829,1786825463636
25.829,1786825463495
25.829,1786825463339
25.829,1786825463213
25.829,1786825463101
25.847,1786825462959
25.847,1786825462817
25.847,1786825462662
25.847,1786825462407
25.847,1786825462285
25.847,1786825462159
25.847,1786825462023
25.847,1786825461878
25.856,1786825461624
25.856,1786825461502
25.856,1786825461343
25.856,1786825461211
25.856,1786825461083
25.856,1786825460957
25.856,1786825460835
25.856,1786825460705
25.856,1786825460554
25.856,1786825460416
25.856,1786825460293
25.838,1786825460152
25.838,1786825460043
25.838,1786825459903
25.838,1786825459622
25.838,1786825459489
25.838,1786825459362
25.838,1786825459240
25.838,1786825459098
25.838,1786825458940
25.838,1786825458805
25.838,1786825458678
25.838,1786825458570
25.838,1786825458424
25.838,1786825458276
25.838,1786825458139
25.838,1786825457896
25.838,1786825457769
25.838,1786825457615
25.856,1786825457470
25.856,1786825457340
25.856,1786825457215
25.856,1786825457106
25.856,1786825456964
25.856,1786825456804
25.856,1786825456673
25.856,1786825456547
25.856,1786825456435
25.856,1786825456313
25.829,1786825456153
25.829,1786825456001
25.829,1786825455875
25.829,1786825455748
25.829,1786825455633
25.829,1786825455477
25.829,1786825455200
25.829,1786825455068
25.829,1786825454957
25.829,1786825454836
25.892,1786825454670
25.892,1786825454531
25.892,1786825454289
25.892,1786825454167
25.892,1786825454021
25.892,1786825453877
25.892,1786825453751
25.892,1786825453639
25.892,1786825453513
25.847,1786825453380
25.847,1786825453221
25.847,1786825453082
25.847,1786825452971
25.847,1786825452845
25.847,1786825452704
25.847,1786825452564
25.847,1786825452412
25.847,1786825452286
25.847,1786825452154
25.901,1786825452032
25.901,1786825451892
25.901,1786825451737
25.901,1786825451607
25.901,1786825451480
25.901,1786825451343
25.901,1786825451217
25.901,1786825451077
25.901,1786825450930
25.901,1786825450818
25.775,1786825450692
25.775,1786825450570
25.775,1786825450429
25.775,1786825450272
25.775,1786825450146
25.775,1786825450020
25.775,1786825449880
25.775,1786825449771
25.775,1786825449644
25.775,1786825449517
25.775,1786825449379
25.847,1786825449211
25.847,1786825449084
25.847,1786825448860
25.847,1786825448698
25.847,1786825448533
25.847,1786825448407
25.847,1786825448295
25.847,1786825448165
25.847,1786825448027
25.775,1786825447876
25.775,1786825447738
25.775,1786825447606
25.775,1786825447494
25.775,1786825447369
25.775,1786825447212
25.775,1786825447071
25.775,1786825446940
25.775,1786825446828
25.856,1786825446413
25.856,1786825446274
25.856,1786825446162
25.856,1786825446035
25.856,1786825445897
25.856,1786825445747
25.856,1786825445606
25.856,1786825445481
25.856,1786825445369
25.874,1786825445252
25.874,1786825445091
25.874,1786825444950
25.874,1786825444814
25.874,1786825444697
25.874,1786825444571
25.874,1786825444438
25.874,1786825444297
25.874,1786825444139
25.874,1786825444027
25.874,1786825443900
25.775,1786825443778
25.775,1786825443641
25.775,1786825443482
25.775,1786825443356
25.775,1786825443230
25.775,1786825443109
25.775,1786825442965
25.775,1786825442687
25.775,1786825442560
25.811,1786825442419
25.811,1786825442009
25.811,1786825441742
25.811,1786825441615
25.811,1786825441495
25.811,1786825441338
25.811,1786825441191
25.775,1786825441070
25.775,1786825440943
25.775,1786825440816
25.775,1786825440672
25.775,1786825440515
25.775,1786825440393
25.775,1786825440267
25.775,1786825440153
25.775,1786825439997
25.775,1786825439860
25.811,1786825439718
25.811,1786825439577
25.811,1786825439465
25.811,1786825439323
25.811,1786825439182
25.811,1786825439041
25.811,1786825438899
25.811,1786825438773
25.811,1786825438661
25.811,1786825438523
25.811,1786825438365
25.91,1786825438228
25.91,1786825438102
25.91,1786825437990
25.91,1786825437848
25.91,1786825437709
25.91,1786825437565
25.91,1786825437438
25.91,1786825437321
25.91,1786825437195
25.91,1786825437047
25.874,1786825436897
25.874,1786825436770
25.874,1786825436639
25.874,1786825436531
25.874,1786825436390
25.874,1786825436244
25.874,1786825436097
25.874,1786825435971
25.874,1786825435859
25.874,1786825435734
25.856,1786825435573
25.856,1786825435432
25.856,1786825435306
25.856,1786825435194
25.856,1786825435069
25.856,1786825434915
25.856,1786825434763
25.856,1786825434636
25.856,1786825434510
25.856,1786825434393
25.775,1786825434254
25.775,1786825434104
25.775,1786825433962
25.775,1786825433832
25.775,1786825433708
25.775,1786825433600
25.775,1786825433437
25.775,1786825433291
25.775,1786825433165
25.775,1786825433040
25.775,1786825432928
25.865,1786825432781
25.865,1786825432634
25.865,1786825432494
25.865,1786825432368
25.865,1786825432242
25.865,1786825432116
25.865,1786825431960
25.865,1786825431821
25.865,1786825431695
25.865,1786825431565
25.865,1786825431444
25.865,1786825431307
25.865,1786825431171
25.865,1786825431029
25.865,1786825430898
25.865,1786825430764
25.865,1786825430652
25.865,1786825430503
25.865,1786825430359
25.865,1786825430233
25.847,1786825430098
25.847,1786825429990
25.847,1786825429846
25.847,1786825429706
25.847,1786825429566
25.847,1786825429433
25.847,1786825429193
25.847,1786825429057
25.847,1786825428916
25.811,1786825428790
25.811,1786825428649
25.811,1786825428539
25.811,1786825428407
25.811,1786825428267
25.811,1786825428124
25.811,1786825427988
25.811,1786825427863
25.811,1786825427751
25.811,1786825427611
25.811,1786825427461
25.838,1786825427199
25.838,1786825427087
25.838,1786825426959
25.838,1786825426654
25.838,1786825426528
25.838,1786825426416
25.838,1786825426288
25.838,1786825426147
25.847,1786825425980
25.847,1786825425854
25.847,1786825425725
25.847,1786825425617
25.847,1786825425477
25.847,1786825425313
25.847,1786825425181
25.847,1786825425054
25.847,1786825424942
25.847,1786825424816
25.856,1786825424646
25.856,1786825424505
25.856,1786825424379
25.856,1786825424267
25.856,1786825424155
25.856,1786825423987
25.856,1786825423845
25.856,1786825423706
25.775,1786825423340
25.775,1786825423174
25.775,1786825423037
25.775,1786825422905
25.775,1786825422779
25.775,1786825422670
25.775,1786825422519
25.775,1786825422381
25.775,1786825422240
25.775,1786825422113
25.775,1786825422001
25.847,1786825421868
25.847,1786825421713
25.847,1786825421572
25.847,1786825421446
25.847,1786825421334
25.847,1786825421195
25.847,1786825421054
25.847,1786825420914
25.847,1786825420774
25.847,1786825420660
25.838,1786825420525
25.838,1786825420400
25.838,1786825420263
25.838,1786825420109
25.838,1786825419978
25.838,1786825419857
25.838,1786825419745
25.838,1786825419608
25.838,1786825419467
25.838,1786825419329
25.865,1786825419208
25.865,1786825419085
25.865,1786825418958
25.865,1786825418828
25.865,1786825418720
25.865,1786825418555
25.865,1786825418407
25.865,1786825418290
25.865,1786825418164
25.865,1786825418052
25.829,1786825417896
25.829,1786825417744
25.829,1786825417602
25.829,1786825417475
25.829,1786825417363
25.829,1786825417239
25.829,1786825417066
25.829,1786825416925
25.829,1786825416799
25.829,1786825416562
25.811,1786825416400
25.811,1786825416259
25.811,1786825416121
25.811,1786825416005
25.811,1786825415879
25.811,1786825415742
25.811,1786825415586
25.811,1786825415440
25.811,1786825415328
25.811,1786825415202
25.892,1786825415067
25.892,1786825414913
25.892,1786825414645
25.892,1786825414533
25.892,1786825414397
25.892,1786825414112
25.892,1786825413971
25.892,1786825413859
25.775,1786825413722
25.775,1786825413450
25.775,1786825413315
25.775,1786825413188
25.775,1786825413048
25.775,1786825412941
25.775,1786825412802
25.775,1786825412665
25.775,1786825412523
25.847,1786825412397
25.847,1786825412265
25.847,1786825412157
25.847,1786825412001
25.847,1786825411847
25.847,1786825411735
25.847,1786825411598
25.847,1786825411486
25.847,1786825411190
25.847,1786825411053
25.838,1786825410935
25.838,1786825410803
25.838,1786825410681
25.838,1786825410541
25.838,1786825410405
25.838,1786825410249
25.838,1786825410137
25.838,1786825410025
25.838,1786825409885
25.838,1786825409725
25.838,1786825409576
25.838,1786825409464
25.838,1786825409338
25.838,1786825409214
25.838,1786825409067
25.838,1786825408903
25.838,1786825408791
25.838,1786825408665
25.838,1786825408549
25.838,1786825408396
25.829,1786825408247
25.829,1786825407885
25.829,1786825407743
25.829,1786825407580
25.829,1786825407435
25.829,1786825407327
25.829,1786825407200
25.829,1786825407088
25.829,1786825406779
25.829,1786825406653
25.829,1786825406541
25.829,1786825406415
25.829,1786825406270
25.829,1786825406121
25.829,1786825405982
25.829,1786825405870
25.829,1786825405740
25.829,1786825405614
25.847,1786825405455
25.847,1786825405315
25.847,1786825405191
25.847,1786825405059
25.847,1786825404947
25.847,1786825404797
25.847,1786825404665
25.847,1786825404507
25.847,1786825404395
25.847,1786825404269
25.847,1786825404134
25.847,1786825403987
25.847,1786825403834
25.847,1786825403710
25.847,1786825403598
25.847,1786825403476
25.847,1786825403318
25.847,1786825403178
25.847,1786825403041
25.847,1786825402930
25.847,1786825402788
25.847,1786825402681
25.847,1786825402527
25.847,1786825402387
25.847,1786825402257
25.847,1786825402122
25.847,1786825402010
25.847,1786825401872
25.847,1786825401718
25.847,1786825401586
25.847,1786825401461
25.847,1786825401324
25.847,1786825401200
25.847,1786825401052
25.847,1786825400894
25.847,1786825400785
25.847,1786825400648
25.847,1786825400378
25.847,1786825400237
25.847,1786825400099
25.82,1786825399975
25.82,1786825399848
25.82,1786825399584
25.82,1786825399443
25.82,1786825399289
25.82,1786825399177
25.82,1786825399065
25.82,1786825398911
25.82,1786825398769
25.802,1786825398620
25.802,1786825398508
25.802,1786825398382
25.802,1786825398251
25.802,1786825398101
25.802,1786825397950
25.802,1786825397823
25.802,1786825397692
25.802,1786825397581
25.802,1786825397444
25.847,1786825397281
25.847,1786825397155
25.847,1786825397024
25.847,1786825396912
25.847,1786825396788
25.847,1786825396626
25.847,1786825396487
25.847,1786825396360
25.847,1786825396248
25.847,1786825396141
25.883,1786825395986
25.883,1786825395818
25.883,1786825395692
25.883,1786825395565
25.883,1786825395453
25.883,1786825395325
25.883,1786825395159
25.883,1786825395018
25.883,1786825394891
25.883,1786825394776
25.883,1786825394664
25.856,1786825394500
25.856,1786825394344
25.856,1786825394212
25.856,1786825394100
25.856,1786825393974
25.856,1786825393844
25.856,1786825393681
25.856,1786825393539
25.856,1786825393427
25.856,1786825393301
25.802,1786825393173
25.802,1786825393026
25.802,1786825392873
25.802,1786825392747
25.802,1786825392635
25.802,1786825392494
25.802,1786825392357
25.802,1786825392215
25.802,1786825392074
25.802,1786825391943
25.865,1786825391812
25.865,1786825391700
25.865,1786825391545
25.865,1786825391400
25.865,1786825391274
25.865,1786825391137
25.865,1786825391025
25.865,1786825390889
25.865,1786825390732
25.865,1786825390592
25.847,1786825390481
25.847,1786825390344
25.847,1786825390213
25.847,1786825390059
25.847,1786825389919
25.847,1786825389795
25.847,1786825389669
25.847,1786825389547
25.847,1786825389407
25.847,1786825389267
25.847,1786825389128
25.811,1786825388987
25.811,1786825388875
25.811,1786825388739
25.811,1786825388603
25.811,1786825388456
25.811,1786825388320
25.811,1786825388208
25.811,1786825388082
25.811,1786825387970
25.811,1786825387842
25.811,1786825387694
25.811,1786825387544
25.811,1786825387417
25.811,1786825387300
25.811,1786825387173
25.811,1786825387026
25.811,1786825386741
25.811,1786825386615
25.811,1786825386491
25.838,1786825386371
25.838,1786825386070
25.838,1786825385944
25.838,1786825385816
25.838,1786825385694
25.838,1786825385549
25.838,1786825385392
25.838,1786825385266
25.838,1786825385143
25.838,1786825385011
25.838,1786825384736
25.838,1786825384584
25.838,1786825384454
25.838,1786825384342
25.838,1786825384220
25.838,1786825384100
25.838,1786825383799
25.838,1786825383672
25.829,1786825383425
25.829,1786825383265
25.829,1786825383131
25.829,1786825383004
25.829,1786825382761
25.829,1786825382620
25.829,1786825382484
25.829,1786825382345
25.838,1786825382203
25.838,1786825382091
25.838,1786825381966
25.838,1786825381812
25.838,1786825381531
25.838,1786825381408
25.838,1786825381296
25.838,1786825381159
25.838,1786825381002
25.811,1786825380866
25.811,1786825380740
25.811,1786825380628
25.811,1786825380501
25.811,1786825380346
25.811,1786825380055
25.811,1786825379938
25.811,1786825379826
25.811,1786825379671
25.838,1786825379535
25.838,1786825379387
25.838,1786825379158
25.838,1786825379032
25.838,1786825378892
25.838,1786825378725
25.838,1786825378598
25.838,1786825378473
25.838,1786825378361
25.838,1786825378216
25.775,1786825378052
25.775,1786825377931
25.775,1786825377804
25.775,1786825377696
25.775,1786825377572
25.775,1786825377404
25.775,1786825377266
25.775,1786825377139
25.775,1786825377008
25.775,1786825376901
25.847,1786825376750
25.847,1786825376615
25.847,1786825376467
25.847,1786825376344
25.847,1786825376081
25.847,1786825375941
25.847,1786825375781
25.847,1786825375655
25.847,1786825375543
25.829,1786825375421
25.829,1786825375263
25.829,1786825375122
25.829,1786825374996
25.829,1786825374869
25.829,1786825374742
25.829,1786825374602
25.829,1786825374462
25.829,1786825374323
25.829,1786825374197
25.847,1786825374056
25.847,1786825373944
25.847,1786825373795
25.847,1786825373654
25.847,1786825373507
25.847,1786825373396
25.847,1786825373259
25.847,1786825373133
25.847,1786825372975
25.847,1786825372842
25.847,1786825372715
25.838,1786825372579
25.838,1786825372462
25.838,1786825372322
25.838,1786825372175
25.838,1786825372048
25.838,1786825371912
25.838,1786825371799
25.838,1786825371658
25.838,1786825371518
25.838,1786825371385
25.847,1786825371229
25.847,1786825371117
25.847,1786825371005
25.847,1786825370854
25.847,1786825370707
25.847,1786825370558
25.847,1786825370446
25.847,1786825370320
25.847,1786825370194
25.847,1786825370052
25.847,1786825369886
25.847,1786825369760
25.847,1786825369648
25.847,1786825369536
25.847,1786825369378
25.847,1786825369232
25.847,1786825369090
25.847,1786825368974
25.847,1786825368847
25.847,1786825368722
25.865,1786825368558
25.865,1786825368417
25.865,1786825368290
25.865,1786825368164
25.865,1786825368052
25.865,1786825367897
25.865,1786825367726
25.865,1786825367614
25.865,1786825367489
25.865,1786825367377
25.865,1786825367233
25.811,1786825367070
25.811,1786825366929
25.811,1786825366817
25.811,1786825366566
25.811,1786825366416
25.811,1786825366280
25.811,1786825366026
25.811,1786825365914
25.892,1786825365750
25.892,1786825365610
25.892,1786825365468
25.892,1786825365356
25.892,1786825365095
25.892,1786825364940
25.892,1786825364799
25.892,1786825364693
25.892,1786825364566
25.838,1786825364445
25.838,1786825364285
25.838,1786825364152
25.838,1786825364011
25.838,1786825363905
25.838,1786825363769
25.838,1786825363643
25.838,1786825363509
25.838,1786825363353
25.838,1786825363228
25.829,1786825363106
25.829,1786825362995
25.829,1786825362838
25.829,1786825362678
25.829,1786825362552
25.829,1786825362425
25.829,1786825362170
25.829,1786825362032
25.829,1786825361764
25.865,1786825361633
25.865,1786825361517
25.865,1786825361361
25.865,1786825361221
25.865,1786825361095
25.865,1786825360961
25.865,1786825360849
25.865,1786825360708
25.865,1786825360551
25.865,1786825360411
25.829,1786825360285
25.829,1786825360159
25.829,1786825360032
25.829,1786825359894
25.829,1786825359734
25.829,1786825359597
25.829,1786825359485
25.829,1786825359373
25.829,1786825359218
25.829,1786825359077
25.82,1786825358929
25.82,1786825358801
25.82,1786825358689
25.82,1786825358565
25.82,1786825358410
25.82,1786825358261
25.82,1786825358135
25.82,1786825358006
25.82,1786825357901
25.82,1786825357760
25.847,1786825357601
25.847,1786825357470
25.847,1786825357344
25.847,1786825357232
25.847,1786825357106
25.847,1786825356995
25.847,1786825356854
25.847,1786825356560
25.847,1786825356439
25.847,1786825356323
25.847,1786825356187
25.847,1786825355894
25.847,1786825355765
25.847,1786825355640
25.847,1786825355518
25.847,1786825355393
25.847,1786825355240
25.847,1786825355097
25.847,1786825354971
25.829,1786825354849
25.829,1786825354743
25.829,1786825354580
25.829,1786825354423
25.829,1786825354164
25.829,1786825354047
25.829,1786825353764
25.829,1786825353623
25.847,1786825353484
25.847,1786825353362
25.847,1786825353250
25.847,1786825352956
25.847,1786825352815
25.847,1786825352689
25.847,1786825352577
25.847,1786825352440
25.847,1786825352280
25.829,1786825352131
25.829,1786825352026
25.829,1786825351784
25.829,1786825351499
25.829,1786825351373
25.829,1786825351132
25.829,1786825350991
25.82,1786825350708
25.82,1786825350575
25.82,1786825350450
25.82,1786825350337
25.82,1786825350183
25.82,1786825350031
25.82,1786825349890
25.82,1786825349780
25.82,1786825349653
25.82,1786825349528
25.838,1786825349358
25.838,1786825349218
25.838,1786825349106
25.838,1786825348980
25.838,1786825348863
25.838,1786825348709
25.838,1786825348568
25.838,1786825348442
25.838,1786825348311
25.838,1786825348206
25.811,1786825348056
25.811,1786825347904
25.811,1786825347765
25.811,1786825347648
25.811,1786825347522
25.811,1786825347401
25.811,1786825347251
25.811,1786825347103
25.811,1786825346977
25.811,1786825346853
25.757,1786825346738
25.757,1786825346591
25.757,1786825346450
25.757,1786825346310
25.757,1786825346062
25.757,1786825345931
25.757,1786825345793
25.757,1786825345639
25.757,1786825345518
25.847,1786825345390
25.847,1786825345268
25.847,1786825345127
25.847,1786825344970
25.847,1786825344826
25.847,1786825344714
25.847,1786825344578
25.847,1786825344466
25.847,1786825344304
25.847,1786825344024
25.811,1786825343902
25.811,1786825343790
25.811,1786825343495
25.811,1786825343355
25.811,1786825343233
25.811,1786825343102
25.811,1786825342978
25.811,1786825342838
25.811,1786825342684
25.838,1786825342544
25.838,1786825342432
25.838,1786825342320
25.838,1786825342186
25.838,1786825342032
25.838,1786825341883
25.838,1786825341773
25.838,1786825341646
25.838,1786825341541
25.82,1786825341239
25.82,1786825341127
25.82,1786825341015
25.82,1786825340767
25.82,1786825340603
25.82,1786825340463
25.82,1786825340338
25.82,1786825340222
25.82,1786825340102
25.856,1786825339964
25.856,1786825339804
25.856,1786825339671
25.856,1786825339544
25.856,1786825339432
25.856,1786825339300
25.856,1786825339128
25.856,1786825338874
25.856,1786825338748
25.856,1786825338621
25.847,1786825338465
25.847,1786825338325
25.847,1786825338198
25.847,1786825338091
25.847,1786825337959
25.847,1786825337810
25.847,1786825337670
25.847,1786825337529
25.847,1786825337415
25.847,1786825337288
25.802,1786825337157
25.802,1786825337000
25.802,1786825336861
25.802,1786825336735
25.802,1786825336489
25.802,1786825336348
25.802,1786825336188
25.802,1786825335936
25.802,1786825335814
25.802,1786825335687
25.802,1786825335548
25.802,1786825335408
25.802,1786825335282
25.802,1786825335147
25.802,1786825335030
25.802,1786825334736
25.802,1786825334610
25.479,1786825334479
25.479,1786825334357
25.479,1786825334224
25.479,1786825334083
25.479,1786825333942
25.479,1786825333815
25.479,1786825333693
25.479,1786825333588
25.479,1786825333433
25.479,1786825333289
25.479,1786825333149
25.497,1786825333019
25.497,1786825332778
25.497,1786825332645
25.497,1786825332491
25.497,1786825332355
25.497,1786825332240
25.497,1786825332128
25.497,1786825331996
25.497,1786825331844
25.506,1786825331698
25.506,1786825331582
25.506,1786825331456
25.506,1786825331338
25.506,1786825331196
25.506,1786825330904
25.506,1786825330666
25.506,1786825330522
25.488,1786825330371
25.488,1786825330233
25.488,1786825330121
25.488,1786825329994
25.488,1786825329864
25.488,1786825329733
25.488,1786825329569
25.488,1786825329450
25.488,1786825329333
25.488,1786825329206
25.515,1786825328920
25.515,1786825328777
25.515,1786825328651
25.515,1786825328539
25.515,1786825328417
25.515,1786825328252
25.515,1786825328111
25.515,1786825327984
25.515,1786825327858
25.515,1786825327746
25.533,1786825327593
25.533,1786825327455
25.533,1786825327317
25.533,1786825327192
25.533,1786825327081
25.533,1786825326940
25.533,1786825326788
25.533,1786825326647
25.533,1786825326523
25.533,1786825326407
25.497,1786825326277
25.497,1786825326151
25.497,1786825326039
25.497,1786825325917
25.497,1786825325767
25.497,1786825325617
25.497,1786825325505
25.497,1786825325379
25.497,1786825325250
25.497,1786825325109
25.533,1786825324952
25.533,1786825324831
25.533,1786825324714
25.533,1786825324602
25.533,1786825324467
25.533,1786825324302
25.533,1786825324160
25.533,1786825324034
25.533,1786825323922
25.497,1786825323644
25.497,1786825323491
25.497,1786825323365
25.497,1786825323253
25.497,1786825323141
25.497,1786825322981
25.497,1786825322830
25.497,1786825322689
25.497,1786825322579
25.497,1786825322447
25.497,1786825322321
25.533,1786825322158
25.533,1786825322020
25.533,1786825321776
25.533,1786825321671
25.533,1786825321504
25.533,1786825321349
25.533,1786825321218
25.533,1786825321106
25.533,1786825320979
25.515,1786825320844
25.515,1786825320682
25.515,1786825320543
25.515,1786825320431
25.515,1786825320305
25.515,1786825320166
25.515,1786825320031
25.515,1786825319892
25.515,1786825319766
25.515,1786825319654
25.488,1786825319517
25.488,1786825319397
25.488,1786825319243
25.488,1786825319103
25.488,1786825318986
25.488,1786825318850
25.488,1786825318725
25.488,1786825318584
25.488,1786825318425
25.488,1786825318302
25.515,1786825318190
25.515,1786825318068
25.515,1786825317934
25.515,1786825317773
25.515,1786825317634
25.515,1786825317508
25.515,1786825317386
25.515,1786825317255
25.515,1786825317121
25.515,1786825316970
25.515,1786825316846
25.488,1786825316703
25.488,1786825316591
25.488,1786825316450
25.488,1786825316313
25.488,1786825316173
25.488,1786825316032
25.488,1786825315920
25.488,1786825315795
25.488,1786825315657
25.488,1786825315494
25.551,1786825315357
25.551,1786825315245
25.551,1786825315118
25.551,1786825314990
25.551,1786825314835
25.551,1786825314561
25.551,1786825314449
25.551,1786825314317
25.551,1786825314182
25.542,1786825314018
25.542,1786825313892
25.542,1786825313760
25.542,1786825313652
25.542,1786825313510
25.542,1786825313351
25.542,1786825313234
25.542,1786825313107
25.542,1786825312980
25.542,1786825312868
25.524,1786825312711
25.524,1786825312426
25.524,1786825312314
25.524,1786825312202
25.524,1786825312062
25.524,1786825311897
25.524,1786825311756
25.524,1786825311629
25.524,1786825311513
25.524,1786825311387
25.551,1786825311238
25.551,1786825311090
25.551,1786825310960
25.551,1786825310848
25.551,1786825310722
25.551,1786825310574
25.551,1786825310429
25.551,1786825310293
25.551,1786825310167
25.551,1786825310055
25.515,1786825309920
25.515,1786825309762
25.515,1786825309622
25.515,1786825309496
25.515,1786825309373
25.515,1786825309247
25.515,1786825309107
25.515,1786825308967
25.515,1786825308831
25.515,1786825308700
25.515,1786825308569
25.515,1786825308458
25.515,1786825308322
25.515,1786825308042
25.515,1786825307908
25.515,1786825307796
25.515,1786825307680
25.515,1786825307522
25.515,1786825307382
25.488,1786825307255
25.488,1786825307008
25.488,1786825306864
25.488,1786825306711
25.488,1786825306585
25.488,1786825306449
25.488,1786825306333
25.488,1786825306198
25.488,1786825306058
25.506,1786825305776
25.506,1786825305650
25.506,1786825305545
25.506,1786825305389
25.506,1786825305243
25.506,1786825305092
25.506,1786825304964
25.506,1786825304859
25.506,1786825304720
25.506,1786825304575
25.551,1786825304426
25.551,1786825304303
25.551,1786825304191
25.551,1786825304061
25.551,1786825303922
25.551,1786825303649
25.551,1786825303531
25.551,1786825303404
25.506,1786825303117
25.506,1786825302981
25.506,1786825302849
25.506,1786825302722
25.506,1786825302610
25.506,1786825302447
25.506,1786825302301
25.506,1786825302160
25.506,1786825302048
25.506,1786825301938
25.515,1786825301798
25.515,1786825301632
25.515,1786825301491
25.515,1786825301379
25.515,1786825301252
25.515,1786825301121
25.515,1786825300973
25.515,1786825300821
25.515,1786825300696
25.515,1786825300566
25.515,1786825300460
25.524,1786825300309
25.524,1786825300157
25.524,1786825300015
25.524,1786825299905
25.524,1786825299778
25.524,1786825299651
25.524,1786825299505
25.524,1786825299352
25.524,1786825299240
25.524,1786825299114
25.533,1786825298993
25.533,1786825298851
25.533,1786825298694
25.533,1786825298568
25.533,1786825298442
25.533,1786825298319
25.533,1786825298183
25.533,1786825298041
25.533,1786825297901
25.533,1786825297776
25.524,1786825297531
25.524,1786825297240
25.524,1786825296973
25.524,1786825296846
25.524,1786825296721
25.524,1786825296579
25.524,1786825296428
25.47,1786825296316
25.47,1786825296180
25.47,1786825296064
25.47,1786825295924
25.47,1786825295784
25.47,1786825295661
25.47,1786825295524
25.47,1786825295393
25.47,1786825295280
25.47,1786825295154
25.47,1786825295027
25.488,1786825294862
25.488,1786825294728
25.488,1786825294600
25.488,1786825294488
25.488,1786825294379
25.488,1786825294209
25.488,1786825294076
25.488,1786825293935
25.488,1786825293809
25.488,1786825293693
25.515,1786825293564
25.515,1786825293411
25.515,1786825293273
25.515,1786825293141
25.515,1786825293017
25.515,1786825292899
25.515,1786825292759
25.515,1786825292601
25.515,1786825292475
25.533,1786825292235
25.533,1786825292093
25.533,1786825291948
25.533,1786825291792
25.533,1786825291687
25.533,1786825291552
25.533,1786825291436
25.533,1786825291138
25.533,1786825291013
25.56,1786825290889
25.56,1786825290752
25.56,1786825290625
25.56,1786825290492
25.56,1786825290332
25.56,1786825290206
25.56,1786825290084
25.56,1786825289957
25.56,1786825289818
25.56,1786825289659
25.56,1786825289532
25.506,1786825289396
25.506,1786825289284
25.506,1786825289146
25.506,1786825289006
25.506,1786825288870
25.506,1786825288733
25.506,1786825288604
25.506,1786825288492
25.506,1786825288339
25.506,1786825288201
25.524,1786825288060
25.524,1786825287948
25.524,1786825287839
25.524,1786825287716
25.524,1786825287422
25.524,1786825287296
25.524,1786825287169
25.524,1786825287057
25.524,1786825286904
25.56,1786825286735
25.56,1786825286609
25.56,1786825286487
25.56,1786825286380
25.56,1786825286251
25.56,1786825285948
25.56,1786825285822
25.56,1786825285705
25.56,1786825285579
25.551,1786825285444
25.551,1786825285022
25.551,1786825284910
25.551,1786825284794
25.551,1786825284630
25.551,1786825284487
25.551,1786825284361
25.551,1786825284249
25.551,1786825284129
25.551,1786825283694
25.551,1786825283568
25.551,1786825283451
25.551,1786825283003
25.551,1786825282886
25.551,1786825282760
25.578,1786825282623
25.578,1786825282470
25.578,1786825282328
25.578,1786825282197
25.578,1786825282085
25.578,1786825281949
25.578,1786825281807
25.578,1786825281647
25.578,1786825281528
25.578,1786825281401
25.551,1786825281286
25.551,1786825281162
25.551,1786825281007
25.551,1786825280868
25.551,1786825280742
25.551,1786825280606
25.551,1786825280489
25.551,1786825280216
25.551,1786825280075
25.551,1786825279943
25.551,1786825279821
25.551,1786825279702
25.551,1786825279547
25.551,1786825279403
25.551,1786825279277
25.551,1786825279141
25.551,1786825279029
25.551,1786825278729
25.524,1786825278467
25.524,1786825278355
25.524,1786825278216
25.524,1786825278075
25.524,1786825277935
25.524,1786825277799
25.524,1786825277668
25.524,1786825277556
25.524,1786825277421
25.524,1786825277266
25.56,1786825277125
25.56,1786825276999
25.56,1786825276887
25.56,1786825276613
25.56,1786825276458
25.56,1786825276332
25.56,1786825276208
25.56,1786825276096
25.56,1786825275934
25.524,1786825275768
25.524,1786825275656
25.524,1786825275412
25.524,1786825275274
25.524,1786825275115
25.524,1786825274973
25.524,1786825274847
25.524,1786825274729
25.524,1786825274602
25.524,1786825274449
25.524,1786825274167
25.524,1786825274040
25.524,1786825273928
25.524,1786825273798
25.524,1786825273627
25.524,1786825273501
25.524,1786825273389
25.524,1786825273263
25.524,1786825273156
25.524,1786825272985
25.524,1786825272831
25.524,1786825272593
25.524,1786825272462
25.524,1786825272175
25.524,1786825272035
25.524,1786825271921
25.524,1786825271795
25.488,1786825271659
25.488,1786825271518
25.488,1786825271360
25.488,1786825271233
25.488,1786825271121
25.488,1786825271000
25.488,1786825270847
25.488,1786825270706
25.488,1786825270565
25.488,1786825270453
25.56,1786825270324
25.56,1786825270197
25.56,1786825270056
25.56,1786825269903
25.56,1786825269780
25.56,1786825269528
25.56,1786825269387
25.56,1786825269251
25.56,1786825269110
25.542,1786825268981
25.542,1786825268858
25.542,1786825268736
25.542,1786825268583
25.542,1786825268437
25.542,1786825268311
25.542,1786825268174
25.542,1786825268066
25.542,1786825267923
25.542,1786825267768
25.542,1786825267641
25.533,1786825267505
25.533,1786825267395
25.533,1786825267253
25.533,1786825267114
25.533,1786825266975
25.533,1786825266839
25.533,1786825266711
25.533,1786825266599
25.533,1786825266460
25.533,1786825266308
25.56,1786825266167
25.56,1786825266040
25.56,1786825265928
25.56,1786825265791
25.56,1786825265644
25.56,1786825265479
25.56,1786825265373
25.56,1786825265134
25.56,1786825264974
25.542,1786825264702
25.542,1786825264576
25.542,1786825264445
25.542,1786825264333
25.542,1786825264197
25.542,1786825264079
25.542,1786825263938
25.542,1786825263779
25.542,1786825263667
25.551,1786825263555
25.551,1786825263437
25.551,1786825263295
25.551,1786825263146
25.551,1786825263010
25.551,1786825262758
25.551,1786825262646
25.551,1786825262497
25.551,1786825262355
25.551,1786825262229
25.551,1786825262087
25.551,1786825261975
25.551,1786825261835
25.551,1786825261695
25.551,1786825261555
25.551,1786825261430
25.551,1786825261303
25.551,1786825261191
25.551,1786825261057
25.551,1786825260896
25.569,1786825260630
25.569,1786825260518
25.569,1786825260388
25.569,1786825260232
25.569,1786825260082
25.569,1786825259956
25.569,1786825259828
25.569,1786825259716
25.569,1786825259576
25.578,1786825259416
25.578,1786825259287
25.578,1786825259161
25.578,1786825259049
25.578,1786825258924
25.578,1786825258760
25.578,1786825258613
25.578,1786825258487
25.578,1786825258360
25.578,1786825258248
25.578,1786825258114
25.578,1786825257949
25.578,1786825257823
25.578,1786825257697
25.578,1786825257585
25.578,1786825257442
25.578,1786825257292
25.578,1786825257152
25.578,1786825257026
25.578,1786825256896
25.578,1786825256784
25.551,1786825256620
25.551,1786825256485
25.551,1786825256344
25.551,1786825256232
25.551,1786825256106
25.551,1786825255976
25.551,1786825255823
25.551,1786825255685
25.551,1786825255581
25.551,1786825255454
25.56,1786825255336
25.56,1786825255195
25.56,1786825255044
25.56,1786825254924
25.56,1786825254797
25.56,1786825254675
25.56,1786825254396
25.56,1786825254256
25.56,1786825254130
25.578,1786825253993
25.578,1786825253881
25.578,1786825253465
25.578,1786825253329
25.578,1786825253217
25.578,1786825253093
25.578,1786825252937
25.578,1786825252799
25.551,1786825252674
25.551,1786825252552
25.551,1786825252425
25.551,1786825252278
25.551,1786825252129
25.551,1786825252002
25.551,1786825251867
25.551,1786825251750
25.551,1786825251610
25.551,1786825251469
25.551,1786825251332
25.578,1786825251191
25.578,1786825251065
25.578,1786825250961
25.578,1786825250805
25.578,1786825250662
25.578,1786825250511
25.578,1786825250399
25.578,1786825250151
25.578,1786825249989
25.578,1786825249840
25.578,1786825249731
25.578,1786825249604
25.578,1786825249495
25.578,1786825249340
25.578,1786825249193
25.578,1786825249058
25.578,1786825248946
25.578,1786825248819
25.578,1786825248693
25.551,1786825248530
25.551,1786825248389
25.551,1786825248258
25.551,1786825248146
25.551,1786825248022
25.551,1786825247874
25.551,1786825247718
25.551,1786825247592
25.551,1786825247488
25.551,1786825247361
25.551,1786825247238
25.551,1786825247074
25.551,1786825246937
25.551,1786825246825
25.551,1786825246701
25.551,1786825246584
25.551,1786825246424
25.551,1786825246286
25.551,1786825246148
25.551,1786825246034
25.551,1786825245907
25.596,1786825245770
25.596,1786825245623
25.596,1786825245477
25.596,1786825245353
25.596,1786825245241
25.596,1786825245120
25.596,1786825244968
25.596,1786825244806
25.596,1786825244681
25.596,1786825244569
25.605,1786825244433
25.605,1786825244309
25.605,1786825244152
25.605,1786825244012
25.605,1786825243890
25.605,1786825243769
25.605,1786825243642
25.605,1786825243505
25.605,1786825243368
25.605,1786825243227
25.596,1786825243106
25.596,1786825242980
25.596,1786825242856
25.596,1786825242702
25.596,1786825242557
25.596,1786825242309
25.596,1786825242205
25.596,1786825242049
25.596,1786825241891
25.605,1786825241765
25.605,1786825241643
25.605,1786825241517
25.605,1786825241375
25.605,1786825241234
25.605,1786825241097
25.605,1786825240975
25.605,1786825240844
25.605,1786825240734
25.605,1786825240580
25.605,1786825240441
25.623,1786825240286
25.623,1786825240174
25.623,1786825240063
25.623,1786825239923
25.623,1786825239791
25.623,1786825239620
25.623,1786825239509
25.623,1786825239383
25.623,1786825239271
25.623,1786825239121
25.712,1786825238970
25.712,1786825238844
25.712,1786825238609
25.712,1786825238464
25.712,1786825238307
25.712,1786825238165
25.712,1786825238053
25.712,1786825237920
25.712,1786825237816
25.883,1786825237650
25.883,1786825237511
25.883,1786825237367
25.883,1786825237241
25.883,1786825237129
25.883,1786825236979
25.883,1786825236692
25.883,1786825236568
25.883,1786825236455
25.901,1786825236331
25.901,1786825236161
25.901,1786825236020
25.901,1786825235893
25.901,1786825235781
25.901,1786825235507
25.901,1786825235366
25.901,1786825235224
25.901,1786825235111
25.901,1786825234984
25.928,1786825234852
25.928,1786825234703
25.928,1786825234563
25.928,1786825234432
25.928,1786825234305
25.928,1786825234186
25.928,1786825234047
25.928,1786825233902
25.928,1786825233766
25.928,1786825233639
25.883,1786825233507
25.883,1786825233395
25.883,1786825233269
25.883,1786825233143
25.883,1786825233012
25.883,1786825232849
25.883,1786825232719
25.883,1786825232594
25.883,1786825232482
25.928,1786825232197
25.928,1786825232056
25.928,1786825231804
25.928,1786825231692
25.928,1786825231558
25.928,1786825231393
25.928,1786825231267
25.928,1786825231161
25.928,1786825231030
25.883,1786825230910
25.883,1786825230747
25.883,1786825230608
25.883,1786825230491
25.883,1786825230366
25.883,1786825230239
25.883,1786825230090
25.883,1786825229807
25.883,1786825229695
25.883,1786825229583
25.883,1786825229435
25.883,1786825229273
25.883,1786825229134
25.883,1786825228895
25.883,1786825228754
25.883,1786825228603
25.883,1786825228461
25.883,1786825228335
25.883,1786825228220
25.847,1786825228083
25.847,1786825227944
25.847,1786825227792
25.847,1786825227667
25.847,1786825227537
25.847,1786825227417
25.847,1786825227275
25.847,1786825227122
25.847,1786825226975
25.847,1786825226871
25.928,1786825226741
25.928,1786825226629
25.928,1786825226491
25.928,1786825226335
25.928,1786825226208
25.928,1786825226073
25.928,1786825225956
25.928,1786825225816
25.928,1786825225662
25.928,1786825225525
25.91,1786825225401
25.91,1786825225274
25.91,1786825225148
25.91,1786825225009
25.91,1786825224863
25.91,1786825224746
25.91,1786825224610
25.91,1786825224498
25.91,1786825224381
25.91,1786825224226
25.91,1786825224092
25.892,1786825223957
25.892,1786825223846
25.892,1786825223729
25.892,1786825223431
25.892,1786825223296
25.892,1786825223055
25.892,1786825222917
25.892,1786825222629
25.892,1786825222498
25.892,1786825222374
25.892,1786825222262
25.892,1786825222107
25.892,1786825221952
25.892,1786825221825
25.892,1786825221699
25.892,1786825221595
25.892,1786825221453
25.91,1786825221287
25.91,1786825221161
25.91,1786825221035
25.91,1786825220922
25.91,1786825220795
25.91,1786825220625
25.91,1786825220490
25.91,1786825220362
25.91,1786825220239
25.91,1786825220123
25.919,1786825219980
25.919,1786825219810
25.919,1786825219688
25.919,1786825219551
25.919,1786825219435
25.919,1786825219311
25.919,1786825219138
25.919,1786825218986
25.919,1786825218850
25.919,1786825218728
25.919,1786825218613
25.901,1786825218434
25.901,1786825218260
25.901,1786825218123
25.901,1786825217883
25.901,1786825217731
25.901,1786825217593
25.901,1786825217454
25.901,1786825217327
25.901,1786825217199
25.919,1786825217077
25.919,1786825216923
25.919,1786825216783
25.919,1786825216657
25.919,1786825216525
25.919,1786825216410
25.919,1786825216269
25.919,1786825216114
25.919,1786825214130
25.919,1786825214015
25.892,1786825213890
25.892,1786825213779
25.892,1786825213649
25.892,1786825213411
25.892,1786825213285
25.892,1786825213183
25.892,1786825213050
25.892,1786825212908
25.892,1786825212781
25.892,1786825212678
25.892,1786825212548
25.892,1786825212434
25.892,1786825212306
25.892,1786825212170
25.892,1786825211940
25.892,1786825211564
25.892,1786825211434
25.919,1786825211313
25.919,1786825211208
25.919,1786825211076
25.919,1786825210905
25.919,1786825210757
25.919,1786825210614
25.919,1786825210495
25.919,1786825210360
25.901,1786825210276
25.919,1786825210211
25.901,1786825210175
25.901,1786825210062
25.901,1786825209939
25.901,1786825209918
25.901,1786825209789
25.928,1786825209788
25.901,1786825209676
25.928,1786825209675
25.928,1786825209571
25.901,1786825209551
25.928,1786825209457
25.901,1786825209393
25.928,1786825209324
25.901,1786825209240
25.928,1786825209190
25.928,1786825209060
25.928,1786825208948
25.928,1786825208773
25.928,1786825208615
25.847,1786825208443
25.847,1786825208300
25.847,1786825208165
25.847,1786825208038
25.847,1786825207874
25.847,1786825207698
25.847,1786825207555
25.847,1786825207429
25.847,1786825207271
25.847,1786825207136
25.901,1786825206932
25.901,1786825206784
25.901,1786825206655
25.901,1786825206303
25.901,1786825206150
25.901,1786825205996
25.901,1786825205852
25.901,1786825205683
25.901,1786825205526
25.874,1786825205366
25.874,1786825205233
25.874,1786825205057
25.874,1786825204875
25.874,1786825204726
25.874,1786825204571
25.874,1786825204436
25.874,1786825204252
25.874,1786825204074
25.874,1786825203925
25.91,1786825203769
25.91,1786825203606
25.91,1786825203456
25.91,1786825203295
25.91,1786825203141
25.91,1786825202999
25.91,1786825202827
25.91,1786825202652
25.91,1786825202348
25.892,1786825202190
25.892,1786825202052
25.892,1786825201891
25.892,1786825201777
25.892,1786825201566
25.892,1786825201428
25.892,1786825201272
25.892,1786825201116
25.892,1786825200942
25.892,1786825200788
25.892,1786825200641
25.847,1786825200483
25.847,1786825200302